system,C,T,model_eer,baseline_eer,model_auc,baseline_auc,model_bal_acc,baseline_bal_acc,model_acc,baseline_acc
Index-TTS-1.5,-11.09735,2.74406,0.5347772883016054,0.5999999999999996,0.4766275085658345,0.3758443465491923,0.569273127753304,0.5225770925110133,0.5395449620801733,0.0606717226435536
FireRedTTS-2.0,-9.67617,2.74047,0.5648861967692181,0.6249999999999997,0.39764592511013214,0.3053414096916299,0.5206038913362702,0.5049559471365639,0.31926406926406925,0.027056277056277
Higgs-Audio-V2,-11.109,2.80124,0.5002713401014883,0.4347826086956909,0.5389612462491221,0.6046734342080062,0.6088393028155527,0.6251436506416395,0.8431793770139636,0.7647690655209453
ZipVoice,-10.86822,2.80332,0.4166666666667682,0.3469162995605787,0.6513705335291239,0.6422540381791483,0.6463534018600098,0.6598751835535976,0.572463768115942,0.6532608695652173
Spark-TTS-0.5B,-10.85044,2.8038,0.5110132158585614,0.625,0.4243070851688693,0.3876651982378855,0.5496971365638766,0.5272577092511013,0.4166666666666667,0.9155844155844156
VoxCPM-1.5,-11.05028,2.80275,0.4761904761904335,0.4779735682815185,0.552915880008391,0.5553807426054123,0.6140130060834906,0.6141441157960982,0.74765003615329,0.8633405639913232
griffin_lim,-10.82422,2.8566,0.4394028389621065,0.4,0.6102300538423887,0.6585168869309839,0.6361845325501713,0.6355726872246696,0.6496930299747201,0.8634886240520043
OuteTTS,-10.98285,2.79802,0.4085903083689158,0.3931718061669267,0.6639133627019089,0.6662995594713657,0.6542684554799093,0.6472266720064077,0.8301075268817204,0.5709677419354838
f5-tts,-10.75229,2.70689,0.3790273818780443,0.3898678414094841,0.6472099853157122,0.6410987302409951,0.6627256629524055,0.6362723503498315,0.7722522522522522,0.9091891891891892
WhisperSpeech,-11.26201,2.76802,0.3674743024969315,0.3809523809525412,0.6962624991259352,0.6815082861338368,0.6753810922313125,0.6428309209146214,0.6533907427341227,0.8019375672766416
FishTTS,-11.17461,2.7008,0.3204845814971521,0.2666666666666666,0.7497552618697992,0.8086637298091043,0.7287077826725404,0.7683553597650514,0.7887323943661971,0.866738894907909
Nari Dia2,-11.16706,2.70401,0.35682819383244535,0.2819383259912535,0.6907622480309706,0.7294753704445334,0.6940495260979844,0.722667200640769,0.6024664490388103,0.7181719260065288
Openaudio-S1-Mini,-10.82325,2.85961,0.3658002936858813,0.3999999999999531,0.6913362701908957,0.6790748898678415,0.6854625550660792,0.6518722466960352,0.7663451232583065,0.7009646302250804
Chatterbox,-11.13056,2.82544,0.3459198657432289,0.285714285714382,0.7292322215229704,0.7168030207677785,0.704242710299979,0.7244336060415355,0.6945046999276935,0.7342733188720173
suno_bark,-10.55239,2.80122,0.26190476190469725,0.2511013215846743,0.8283511642542479,0.8059314033983637,0.7921386616320537,0.7673064820641913,0.8445408532176427,0.7494577006507592
Qwen2.5-Omni,-11.10027,2.65093,0.28340675477208205,0.280837004404946,0.8076620516047829,0.7711611076148521,0.7932662051604783,0.7686438011327879,0.8698481561822126,0.9598698481561824
VoxCPM-0.5B,-10.66426,2.74095,0.39130434782609874,0.4140969162984599,0.6806327012705101,0.6096533231181767,0.671478963161591,0.6245929898486879,0.8138202649480846,0.7636949516648764
Mars5,-11.32011,2.84054,0.3458149779735675,0.4374999999999708,0.7179928414096916,0.5824614537444934,0.7157672540381791,0.6172907488986784,0.6424963924963925,0.2478354978354978
Voxtream,-10.93791,2.77738,0.33333333333333354,0.3270925110123337,0.720427475934084,0.7098017621145374,0.7128813835862294,0.6975648556045031,0.6861051115910727,0.673866090712743
SoulX-Podcast,-10.93597,2.76337,0.2854870288791193,0.3333333333333337,0.7212126774351444,0.6994309838472834,0.7451664219285364,0.7523861967694567,0.7945652173913044,0.8358695652173913
microsoft_speecht5_tts,-11.04778,2.79557,0.30420949583916207,0.2500000000002551,0.7799498286833089,0.7678964757709251,0.7694566813509546,0.7615638766519823,0.7072463768115943,0.7728260869565218
e2-tts,-10.92617,2.76124,0.29937591776830147,0.3711453744483705,0.715239537444934,0.7031938325991189,0.7122797356828193,0.6925936123348018,0.716089466089466,0.5768398268398268
vixTTS,-11.27667,2.78681,0.30167033773900714,0.2257709251091819,0.7668869309838473,0.8531112334801761,0.746787812041116,0.8235132158590308,0.623015873015873,0.7738095238095238
Microsoft VibeVoice 1.5B,-11.06696,2.72165,0.3076923076921783,0.3846153846153616,0.7360499265785609,0.646645205015249,0.7234412063707217,0.6546933242968485,0.8284473398479912,0.7676438653637351
Metavoice-1B,-11.26542,2.78059,0.3017621145371523,0.2857142857140903,0.7905915670232851,0.776431718061674,0.7852422907488986,0.7857929515418502,0.577006507592191,0.5780911062906724
Index-TTS-2.0,-11.02141,2.74238,0.3456422216458627,0.428414096917327,0.6807679018744062,0.6142135268204197,0.6732853934525352,0.6455688002073076,0.5852252252252251,0.5308108108108108
MegaTTS3,-10.87811,2.81748,0.26190476190476647,0.3571428571428213,0.8126442206838682,0.7709251101321586,0.7583385777218377,0.736784140969163,0.7548806941431669,0.4815618221258134
sesame_csm,-10.80728,2.79118,0.3099231898785158,0.2830396475764219,0.7604484355585677,0.800152490681125,0.7326330057607592,0.7699932226363944,0.6970684039087948,0.6959826275787188
Kani-TTS-370M,-11.07769,2.78509,0.2727272727272783,0.2202643171806545,0.7983914030169537,0.8433119743692431,0.7721098651715392,0.8036143372046456,0.9046064562930721,0.8781284004352558
suno_bark-small,-10.97017,2.74983,0.20447870778337332,0.2147577092521519,0.8793790644010908,0.8414096916299559,0.8187277113488567,0.8381843926998112,0.873825018076645,0.7505422993492408
Llasa-8B,-11.13795,2.7481,0.2732909120573377,0.2621145374438587,0.8169562734540708,0.7773494860499266,0.7596467612987436,0.7578316201664219,0.8668106551475883,0.7386609071274298
Nari Dia-1.6B,-11.2362,2.78417,0.2272393538917209,0.2290748898677189,0.8643038312641836,0.8932719263115739,0.8204512081164065,0.8367040448538245,0.7635110627493652,0.766050054406964
NeuTTS-Air,-11.09782,2.80331,0.22916666666661667,0.25,0.8364996328928047,0.7926762114537446,0.8190161527165932,0.7773953744493391,0.8856421356421356,0.7435064935064936
minimax_speech-2.6-hd,-11.40033,2.69219,0.25000000000000017,0.2500000000001466,0.8606216348507099,0.8198421439060205,0.8308859520313265,0.8190161527165932,0.9637681159420289,0.967391304347826
MiniCPM-o-2.6,-10.42072,2.73015,0.2544052863436786,0.3303964757709247,0.8194199706314245,0.7543502202643172,0.7641703377386196,0.7407488986784141,0.7298850574712644,0.8275862068965517
Microsoft VibeVoice Large,-11.20791,2.80826,0.21227433704681173,0.2352941176470588,0.8920488900405977,0.8701736201088366,0.8423490541591087,0.8268657683337652,0.8227027027027027,0.7167567567567568
RVC,-11.10697,2.72935,0.22063142437590721,0.2857142857142856,0.8174166142227817,0.7556639395846445,0.802863436123348,0.7376494650723726,0.7733188720173535,0.7603036876355749
"Resemble.ai (April 12th, 2025)",-10.97008,2.89231,0.21312612171616582,0.2777777777775597,0.8885421765377712,0.8188325991189427,0.8176496981563061,0.7565467449828683,0.8203743700503959,0.896328293736501
MatchaTTS,-11.11983,2.76045,0.19273127753297006,0.1000000000000026,0.9001101321585904,0.9284140969162996,0.8646108663729809,0.9026431718061674,0.7973856209150326,0.9052287581699346
Step-Audio-EditX,-11.19811,2.72185,0.207849419302797,0.2015418502210192,0.8793218528901349,0.841309571485783,0.8516720064076893,0.808319983980777,0.7660500544069642,0.7986942328618063
MeloTTS,-11.02763,2.75371,0.20521292217337214,0.2307692307692276,0.888851236868858,0.912741443578448,0.8354936179826048,0.8639867841409692,0.8002171552660152,0.7318132464712269
Maya1 TTS,-10.7007,2.72062,0.15686274509803916,0.1764705882351814,0.9273991534939966,0.8826768592899714,0.897155998963462,0.8633065561026172,0.9491891891891893,0.9016216216216216
OpenVoiceV2,-11.36205,2.6472,0.1710719530096715,0.2621145374449449,0.9110866372980911,0.7904552129221734,0.8673641703377385,0.768942731277533,0.803539183820874,0.7388949079089924
parler_tts_mini_v1,-11.02714,2.73203,0.18330885951993656,0.1420704845810204,0.9092021536955457,0.9449339207048458,0.8724302496328927,0.928964757709251,0.7465353756382203,0.8588621444201313
parler_tts_mini_v0.1,-10.93578,2.702,0.14941262848790662,0.1057268722460944,0.9087198756154443,0.9282845296708992,0.8758313898246524,0.9191500388701735,0.8695495495495495,0.9545945945945946
parler_tts_large_v1,-10.88228,2.72001,0.15061883784354538,0.1046255506613693,0.9362151248164464,0.953508495909377,0.8834172435494021,0.9449339207048458,0.9088937093275488,0.8915401301518439
optispeech,-11.08127,2.75023,0.09523809523798739,0.0737885462561879,0.9631581707572897,0.9431246066708622,0.922278162366268,0.927391441157961,0.9392624728850324,0.9262472885032538
Edge-TTS,-10.92675,2.75393,0.19411812693751399,0.2059471365635573,0.8629058573992495,0.8947626040137053,0.8504650024473812,0.8584801762114538,0.8127953471464923,0.7197382769901853
minimax_speech-02-turbo,-11.02915,2.74086,0.12444933920734334,0.1818181818181817,0.9534775063409424,0.932819383259912,0.9021492457615805,0.8534741690028034,0.8657961552412042,0.8879216539717084
Llasa-1B-Multilingual,-11.06328,2.67872,0.13527900146886596,0.1574889867839805,0.9403680249632892,0.92903359030837,0.8833058002936857,0.8828469162995595,0.8712121212121212,0.8300865800865801
Cartesia.ai (Sonic-3),-11.13107,2.77879,0.16706714724360347,0.0909090909090908,0.9278467494326526,0.9535442531037244,0.8937892137231344,0.9204044853824588,0.878853826623141,0.9314472252448314
DeepGram,-11.17381,2.62221,0.12730461739269194,0.157488986784906,0.9577826725403819,0.9358786098874204,0.9086310980584108,0.9140969162995596,0.8916757542711742,0.8298800436205016
Ringg Squirrel TTS v1.0,-11.25993,2.75387,0.11111111111110138,0.0881057268712717,0.9620655898188938,0.9727116984826236,0.911200848425518,0.9281693587860989,0.8970482361411086,0.9125269978401728
kokoro,-11.13242,2.85862,0.12560862508761986,0.1321585903070981,0.9586134940876421,0.9556573150939022,0.9056244686606383,0.915748898678414,0.8824163969795037,0.8349514563106796
orpheus-tts-0.1-finetune,-11.16202,2.73997,0.0683153117075165,0.0909090909090912,0.9773394740355092,0.947436924309171,0.9618041649979977,0.919303163796556,0.9836779107725789,0.9292709466811752
Veena,-11.30142,2.76771,0.09040014684297316,0.105726872245475,0.9653772026431717,0.9620732378854624,0.9289188693098384,0.9454845814977972,0.9206349206349206,0.8928571428571429
Marvis-TTS,-11.07228,2.7861,0.06020558003014167,0.2000000000003107,0.9790014684287812,0.9240088105726872,0.9698972099853158,0.873568281938326,0.9401241328952171,0.9463307776560788
Kyutai-TTS,-11.10458,2.69058,0.1141703377384156,0.1541850220255072,0.9579952082850297,0.9363552051936008,0.917806631115233,0.914647577092511,0.8558072635742539,0.8327939590075513
facebook_mms-tts-eng,-11.25166,2.6995,0.1049926578570044,0.1024229074873087,0.9597201827378039,0.9626162506118452,0.927231195953663,0.9210107684777288,0.875089992800576,0.8984881209503239
Kitten-TTS-Nano-0.1,-11.27775,2.68213,0.08616530312516063,0.0495594713653781,0.9743549402139711,0.9904027690371304,0.9336584854206,0.9752202643171806,0.9616775126536514,0.9511930585683296
Indri-TTS-0.1,-11.05397,2.73531,0.13451856513532678,0.0814977973582911,0.9425477239353892,0.9693989930774072,0.8937749108453955,0.9553964757709252,0.8369486623282719,0.9121475054229936
Kitten-TTS-Nano-0.2,-11.13214,2.69919,0.04827459618265587,0.0625,0.9905240455212923,0.973430616740088,0.9670521292217327,0.9456222466960352,0.9754689754689755,0.9534632034632036
Supertonic,-11.13805,2.78536,0.0644273127755568,0.125,0.9738895007342143,0.969920154185022,0.9505781938325991,0.9204295154185024,0.9632034632034632,0.9642857142857144
