dist_to_ctr_mean,dist_to_ctr_median,dist_to_ctr_var,cos_dist_to_ctr_mean,cos_dist_to_ctr_var,avg_pairwise_dist,cov_trace,log_det_cov,effective_rank,pca_k80,pca_k95,pca_var1,knn_density,intrinsic_dim,n_utts,system
7.76535,8.18751,1.04552,0.13265,0.00075,11.47142,67.48080,15.03217,7.05627,5.00000,8.00000,0.30608,0.10529,7.42799,11,Cartesia.ai (Sonic-3)
7.61053,7.28546,2.71932,0.11926,0.00284,11.14525,65.30403,13.17938,7.57279,6.00000,10.00000,0.32967,0.11987,6.69243,14,Chatterbox
7.90798,7.93664,0.88755,0.12665,0.00060,11.77212,71.35165,14.49899,5.81934,4.00000,6.00000,0.36085,0.10052,5.87114,9,DeepGram
8.79904,8.90129,5.76169,0.17298,0.00565,13.24321,93.58289,14.88249,4.63069,4.00000,6.00000,0.49486,0.09659,6.12889,9,Edge-TTS
8.58861,8.23137,3.15583,0.16478,0.00420,12.51826,82.04813,13.45109,8.04112,5.00000,10.00000,0.29607,0.10990,6.69853,16,FireRedTTS-2.0
8.94389,8.80202,1.43062,0.15568,0.00110,12.88246,87.23979,14.82320,6.71641,5.00000,10.00000,0.43365,0.11046,9.79705,15,FishTTS
9.33394,9.30033,1.49289,0.17238,0.00130,13.39351,92.64327,12.94893,10.89069,7.00000,14.00000,0.26045,0.10549,8.20374,23,Higgs-Audio-V2
8.04039,7.97728,2.10869,0.12601,0.00237,11.71364,71.52487,12.55036,7.85051,6.00000,9.00000,0.30565,0.11421,9.35487,15,Index-TTS-1.5
7.47591,6.61171,4.86327,0.12192,0.00569,10.97259,64.54961,10.16132,8.03111,6.00000,11.00000,0.34300,0.12379,7.76609,17,Index-TTS-2.0
8.56246,8.25374,3.11732,0.12881,0.00308,12.51150,82.31244,14.23885,6.93945,5.00000,9.00000,0.30846,0.10827,5.50144,14,Indri-TTS-0.1
8.73357,8.36637,1.43100,0.14643,0.00128,12.83773,85.47694,16.54680,6.36635,5.00000,8.00000,0.36389,0.09977,6.64609,11,Kani-TTS-370M
5.98075,5.51543,2.66829,0.07196,0.00148,8.80034,41.39439,5.42725,7.24958,5.00000,9.00000,0.30676,0.15669,4.27715,14,Kitten-TTS-Nano-0.1
5.93216,6.06496,1.49945,0.07263,0.00096,8.58078,39.13597,-0.74869,6.91000,5.00000,8.00000,0.35652,0.17454,3.62836,16,Kitten-TTS-Nano-0.2
9.03155,8.87361,1.05397,0.15595,0.00117,13.07098,87.21295,17.82754,11.35916,7.00000,12.00000,0.21093,0.09647,12.04280,19,Kyutai-TTS
9.16956,8.53230,5.00377,0.17253,0.00536,13.40407,95.02347,15.88711,7.66230,5.00000,10.00000,0.30352,0.10065,7.63603,16,Llasa-1B-Multilingual
9.70333,9.37511,8.36940,0.19467,0.00782,14.24774,108.55485,18.46156,8.74556,6.00000,11.00000,0.33326,0.09497,8.42015,18,Llasa-8B
9.80897,9.24041,4.35884,0.19153,0.00416,14.29494,107.27975,17.88580,7.89162,6.00000,10.00000,0.33948,0.09661,11.26453,16,Mars5
4.11169,3.78049,0.57573,0.02948,0.00020,6.52478,21.85216,6.37309,3.58195,3.00000,4.00000,0.45819,0.16409,18.85382,5,Marvis-TTS
7.63086,7.48270,2.70562,0.11707,0.00277,11.37901,67.70627,13.83969,6.06498,4.00000,7.00000,0.35244,0.10860,5.58406,10,MatchaTTS
7.79121,7.64544,2.90086,0.13212,0.00394,11.33449,67.57906,10.64009,8.24023,6.00000,10.00000,0.27499,0.12474,8.38424,17,Maya1 TTS
8.67246,8.41299,2.73542,0.16787,0.00284,12.73896,83.94293,17.68496,8.70722,6.00000,10.00000,0.25175,0.09916,4.66701,14,MegaTTS3
7.92968,7.67590,2.24856,0.12722,0.00195,11.44120,70.55578,8.63972,5.22997,3.00000,7.00000,0.40622,0.13303,2.60017,13,MeloTTS
7.79045,6.69141,16.95556,0.12365,0.00751,11.71034,83.61946,13.02972,5.69375,4.00000,9.00000,0.49048,0.11520,10.32462,14,Metavoice-1B
7.70788,7.45551,3.18065,0.11952,0.00233,11.30052,67.80806,12.39003,6.60368,5.00000,8.00000,0.32571,0.11878,6.65786,13,Microsoft VibeVoice 1.5B
7.96371,7.61744,0.99732,0.12517,0.00122,11.41808,68.44419,9.63203,7.23623,5.00000,10.00000,0.40713,0.12693,9.56694,17,Microsoft VibeVoice Large
8.91562,8.79725,3.25950,0.17307,0.00364,12.89114,87.10297,12.43809,8.65637,6.00000,12.00000,0.33219,0.10646,17.74173,20,MiniCPM-o-2.6
8.09185,7.35958,10.20687,0.15052,0.02001,12.19410,83.25340,15.04594,5.66400,4.00000,7.00000,0.42876,0.10621,7.65044,11,Nari Dia-1.6B
9.43995,9.35011,1.78878,0.16539,0.00217,13.85639,99.99157,17.98920,6.21655,5.00000,8.00000,0.38719,0.09191,5.17244,11,Nari Dia2
7.91235,7.95419,2.50357,0.12925,0.00253,11.54713,69.44939,12.79468,8.52413,6.00000,10.00000,0.29816,0.11103,9.91305,16,NeuTTS-Air
7.20256,7.09824,0.79936,0.10778,0.00044,10.41128,56.43876,10.11316,7.59814,6.00000,10.00000,0.37744,0.13242,8.62843,15,OpenVoiceV2
8.87628,9.08408,3.39504,0.14571,0.00263,12.76303,85.60765,5.21546,10.36949,7.00000,14.00000,0.29301,0.11607,10.71786,25,Openaudio-S1-Mini
8.80997,8.56665,1.27764,0.15803,0.00157,12.55007,82.64995,5.04473,8.12526,6.00000,12.00000,0.34322,0.12231,9.04883,22,OuteTTS
6.52541,6.34089,1.61442,0.09070,0.00089,9.38706,47.59500,4.90029,5.42552,4.00000,9.00000,0.50029,0.16288,8.31357,14,Qwen2.5-Omni
8.99039,8.21923,4.11224,0.16925,0.00325,13.24923,91.47316,18.87700,8.67915,6.00000,10.00000,0.23585,0.09331,11.17160,14,RVC
8.04697,7.50019,2.18951,0.14467,0.00194,11.68076,70.88110,12.67971,9.62935,7.00000,12.00000,0.24458,0.11301,5.48605,18,"Resemble.ai (April 12th, 2025)"
7.89932,7.63051,1.35218,0.13003,0.00075,11.39281,67.50158,11.63636,8.94979,7.00000,12.00000,0.34711,0.11905,10.68222,18,Ringg Squirrel TTS v1.0
8.21825,7.93847,1.62764,0.13169,0.00051,11.99644,75.45523,14.24668,6.08589,5.00000,8.00000,0.43340,0.11064,9.52036,12,SoulX-Podcast
8.60335,8.18307,4.26473,0.14825,0.00502,12.50109,83.50113,12.49282,7.07009,5.00000,9.00000,0.36886,0.11597,5.34339,16,Spark-TTS-0.5B
7.17624,7.07588,0.81843,0.10849,0.00100,10.59083,57.54848,14.05672,7.42130,5.00000,8.00000,0.27862,0.11445,5.67864,11,Step-Audio-EditX
6.28081,6.40334,1.72346,0.08873,0.00101,9.09706,43.91689,4.10988,7.16708,5.00000,10.00000,0.41006,0.15971,10.68033,16,Supertonic
5.22306,4.84527,1.49465,0.06140,0.00075,7.62187,30.69331,-1.50955,7.59345,5.00000,10.00000,0.31019,0.17777,9.25168,16,Veena
9.36524,9.06506,2.45941,0.17649,0.00422,13.47352,94.26566,11.74303,10.73514,7.00000,13.00000,0.22043,0.10699,6.58542,23,VoxCPM-0.5B
9.28348,9.12187,2.51530,0.17458,0.00223,13.59626,95.52130,18.35699,8.23310,6.00000,9.00000,0.24744,0.09234,8.71187,14,VoxCPM-1.5
8.73056,8.35055,3.45525,0.15046,0.00320,12.67359,84.36490,14.13393,8.85165,7.00000,11.00000,0.34694,0.10764,7.95300,18,Voxtream
8.56459,8.58650,2.73808,0.15081,0.00358,12.33132,79.89474,9.09974,9.12470,6.00000,12.00000,0.33917,0.11744,11.08868,21,WhisperSpeech
7.72929,7.46762,6.61353,0.13441,0.00424,11.52247,72.38774,12.97623,5.82160,4.00000,8.00000,0.43563,0.11311,4.99351,12,ZipVoice
8.03165,7.76955,2.18870,0.12683,0.00289,11.70567,71.14247,14.35552,9.08738,7.00000,11.00000,0.30114,0.11022,10.51865,16,e2-tts
7.64646,7.52189,2.91604,0.11330,0.00234,11.07803,65.22092,8.92535,7.53471,6.00000,10.00000,0.39930,0.12820,5.72894,17,f5-tts
5.19714,4.96100,1.54774,0.05025,0.00078,7.57481,30.23787,-4.48232,8.89843,6.00000,10.00000,0.24200,0.17734,13.52226,18,facebook_mms-tts-eng
7.35875,7.51441,0.78580,0.10895,0.00110,10.69797,58.86108,11.92444,8.79631,6.00000,10.00000,0.28275,0.12071,8.68582,15,griffin_lim
7.70521,7.42664,1.95024,0.13013,0.00265,11.10855,64.72727,5.19578,8.88548,6.00000,10.00000,0.27293,0.13032,4.05525,19,kokoro
9.09020,8.35583,8.55300,0.14322,0.00561,13.41662,99.47433,16.23512,5.93772,4.00000,8.00000,0.35158,0.10318,5.24379,12,microsoft_speecht5_tts
7.93081,7.96720,1.38433,0.13684,0.00221,11.72605,70.71025,15.64725,7.00890,5.00000,8.00000,0.31707,0.10273,7.42804,11,minimax_speech-02-turbo
7.63782,7.44581,7.76607,0.12089,0.00609,11.45024,72.11160,15.00512,6.82545,5.00000,9.00000,0.37280,0.11241,8.86841,12,minimax_speech-2.6-hd
6.24759,4.84654,17.92445,0.09131,0.01637,9.26581,61.33810,1.32118,3.23210,2.00000,7.00000,0.70309,0.16227,8.45888,14,optispeech
7.34329,6.88124,2.02644,0.11311,0.00145,10.83552,61.54536,12.47400,6.08049,4.00000,8.00000,0.38309,0.11702,9.01118,11,orpheus-tts-0.1-finetune
7.80441,7.74819,1.81436,0.12228,0.00177,11.44648,67.54808,15.14805,8.43076,6.00000,10.00000,0.26908,0.10887,15.59476,14,parler_tts_large_v1
8.20074,7.67715,3.86638,0.13758,0.00354,11.98867,75.56334,13.86926,8.97629,6.00000,11.00000,0.29019,0.11059,12.40324,17,parler_tts_mini_v0.1
7.68968,7.62799,1.80410,0.12404,0.00089,11.93545,73.12231,12.54256,4.28641,3.00000,5.00000,0.37934,0.09237,9.00715,6,parler_tts_mini_v1
11.31339,11.74262,4.68850,0.19941,0.00583,16.53786,143.73808,22.11641,6.67109,5.00000,9.00000,0.40138,0.08122,8.52054,13,sesame_csm
11.64529,10.71361,11.44270,0.24127,0.00554,17.02871,158.36739,22.26462,6.22813,5.00000,9.00000,0.44325,0.08192,13.14411,14,suno_bark
11.94665,10.73139,14.30962,0.23478,0.00773,17.58737,169.11143,23.04951,6.14224,5.00000,9.00000,0.46760,0.07816,9.87520,14,suno_bark-small
7.14567,7.15614,1.63107,0.10284,0.00197,10.41596,56.20446,11.12729,9.19546,6.00000,11.00000,0.25755,0.12304,5.78395,16,vixTTS
