system,s_along,sd_along,s_orth,vel_entropy_L12,rog_L12,hard_mlaad_gat,hard_aasist_zeroshot,hard_aasist_ft
Cartesia.ai (Sonic-3)|en,7.206027030944824,2.477801554527073,24.78179931640625,2.779823574745717,10.741512298583984,0.0614737685222266,0.2793352022426912,0.0345414497396876
Chatterbox|en,6.832940101623535,3.70531616972978,23.791837692260746,2.80342964994652,10.73007583618164,0.2594923431927837,0.2292322215229704,0.2087791063561987
DeepGram|en,7.171701908111572,2.613113028752205,25.2611141204834,2.7936055622527416,10.827760696411133,0.0427475934083863,0.5003671071953011,0.0744003915810083
Edge-TTS|en,5.014733791351318,4.496221167625422,31.521265029907227,2.7512740032333016,10.406357765197754,0.1464757709251101,0.1045031815956926,0.0550660792951541
FireRedTTS-2.0|en,2.785212755203247,6.234040835503214,26.567824363708496,2.8466397662354592,10.857375621795654,0.5228753671071953,0.5367566079295154,0.5079157488986784
FishTTS|en,7.147126197814941,3.657755152461108,25.08771324157715,2.801672619769398,10.865914344787598,0.2593734703866863,0.3955947136563876,0.0922907488986783
Higgs-Audio-V2|en,6.148266792297363,5.2816544784216655,25.67302131652832,2.8015422639971126,10.672139167785645,0.4754836238268531,0.441725723041563,0.1328289599693546
Index-TTS-1.5|en,9.05176830291748,5.1037135866799686,26.090059280395508,2.788401584812372,10.78337574005127,0.511086637298091,0.4766519823788546,0.3870778267254038
Index-TTS-2.0|en,8.27705192565918,2.726074174836312,24.79433822631836,2.786495991952504,10.826089859008787,0.3213267685928997,0.2754599637211712,0.3362917854366416
Indri-TTS-0.1|en,6.573573350906372,2.740330457935058,24.097180366516117,2.825799959694882,10.829505920410156,0.0364485001048877,0.2725770925110132,0.0771711768407804
Kani-TTS-370M|en,4.048766613006592,2.5469226657354964,25.53327751159668,2.763317104901938,10.81432819366455,0.2535709518088373,0.4111934321185423,0.0435522627152582
Kitten-TTS-Nano-0.1|en,7.298117876052856,2.459362505715568,23.806020736694336,2.7629948820632126,10.959823608398438,0.0123505349276273,0.2669131529263688,0.0002359974826935
Kitten-TTS-Nano-0.2|en,9.46077013015747,2.151585686155665,25.56725597381592,2.789183916662564,10.819292068481444,0.0284966960352422,0.210352422907489,0.003510462555066
Kyutai-TTS|en,6.27286434173584,2.3173186697808887,25.16894149780273,2.7975263085446214,10.970519065856934,0.0677602596800371,0.3945629492232785,0.0809181544168792
Llasa-1B-Multilingual|en,8.577775478363037,3.7653034882278007,27.22980308532715,2.799002282972036,10.653716087341309,0.1082736784140968,0.4661343612334803,0.1276156387665198
Llasa-8B|en,3.992802858352661,7.298357309931798,27.19132423400879,2.803257229165764,10.802917003631592,0.2577908304780552,0.4558859520313264,0.1297723935389133
Mars5|en,5.766439437866211,4.27680257251295,33.23646926879883,2.7914801041456943,10.853416442871094,0.2829478707782673,0.3635049559471366,0.305410242290749
MatchaTTS|en,7.707346439361572,2.140143552618885,25.08580684661865,2.746428511771416,10.84089994430542,0.10359765051395,0.3486784140969163,0.0633259911894272
Maya1 TTS|en,7.201733112335205,2.747249297068475,25.82393455505371,2.770981420138285,10.646034240722656,0.1301718925455645,0.2817439751230889,0.0044700699663126
MegaTTS3|en,6.951037406921387,3.526994739588562,28.81107711791992,2.7812411228732365,10.91494083404541,0.1486259702118732,0.2740717432347388,0.0327249842668344
MeloTTS|en,10.538789749145508,2.0937291690481072,23.149293899536133,2.783486909095129,10.83964729309082,0.0846888060544448,0.1395289732294137,0.0797187394103693
Metavoice-1B|en,8.718847274780273,2.176168375891159,24.50152587890625,2.817737784597227,11.020973682403564,0.216671911055171,0.3385777218376337,0.0042479546884832
Microsoft VibeVoice 1.5B|en,9.017295837402344,1.9352405421878347,24.454782485961918,2.8143586758998405,10.95327854156494,0.2631593810007906,0.4151135208403931,0.1971365638766519
Microsoft VibeVoice Large|en,7.769486427307129,2.375837935333348,25.336633682250977,2.7939304366375266,10.759161949157717,0.1653493996717629,0.3291655869396217,0.0848665457372376
MiniCPM-o-2.6|en,5.135945796966553,3.9282038558149286,25.437722206115723,2.80123703312928,10.797504901885986,0.2363252569750367,0.4356828193832599,0.0819933920704845
Nari Dia-1.6B|en,7.02365255355835,4.763595023061026,25.72266960144043,2.7583245206073848,10.691625595092772,0.0970831664664263,0.0816980376451741,0.0180216259511414
Nari Dia2|en,8.472871780395508,3.2572865567139053,24.577186584472656,2.7976076928108533,10.807401657104492,0.2688893338673074,0.2921505806968362,0.1896275530636763
NeuTTS-Air|en,8.10945177078247,3.916615847119676,26.131092071533203,2.765655478709447,10.867116928100586,0.179538362701909,0.3898678414096916,0.1711178414096915
OpenVoiceV2|en,6.623371124267578,3.3179400935639456,23.538034439086918,2.791077321115468,11.034777641296388,0.1451786588350464,0.2726872246696035,0.107856093979442
Openaudio-S1-Mini|en,6.533298015594482,3.163658718602323,23.275671005249023,2.803405562165689,10.719888687133787,0.2656975036710719,0.2511453744493392,0.1645374449339207
OuteTTS|en,3.9834178686141968,4.001196649186861,25.23643493652344,2.79676371873489,10.67365026473999,0.3021292217327459,0.4028834601521825,0.0640268321986383
Qwen2.5-Omni|en,8.545698165893555,1.6613572089182704,24.652485847473145,2.820429027952482,10.878288269042969,0.1782567652611706,0.4007237256135934,0.0662366268093139
RVC|en,6.496351480484009,2.7668319248410755,25.76065444946289,2.784574641795225,10.83198595046997,0.1567547723935388,0.092825676526117,0.047120830711139
"Resemble.ai (April 12th, 2025)|en",6.201828002929688,3.282454684315289,31.78605461120605,2.8184244640138165,10.648710250854492,0.127508565834557,0.3576235927557513,0.0517009300048947
Ringg Squirrel TTS v1.0|en,7.210122585296631,2.4153761853874163,25.62936019897461,2.738933511454073,10.98802137374878,0.042156142927068,0.1779246206558982,0.0145007342143905
SoulX-Podcast|en,6.275095701217651,3.850306776352627,23.61434841156006,2.7962178174488863,10.740859031677246,0.2512236906510035,0.3816079295154185,0.1605176211453745
Spark-TTS-0.5B|en,7.612765789031982,2.5515336459187608,27.057275772094727,2.831119110392764,10.76162052154541,0.6005185389133626,0.3963381057268722,0.3712830396475771
Step-Audio-EditX|en,6.092774868011475,2.0067054455169,23.72048759460449,2.789838566749976,10.793718338012695,0.1599252436256841,0.2540048057669203,0.0581698037645174
Supertonic|en,5.638656854629517,2.442316080543696,24.21181011199951,2.7890320684581997,10.84162139892578,0.0296668502202643,0.3752064977973568,0.0420567180616739
Veena|en,8.715733528137207,1.1289811976183672,24.70944595336914,2.8402646516680985,10.955581188201904,0.0279919236417033,0.2844162995594713,0.0622246696035242
VoxCPM-0.5B|en,6.903702259063721,4.048892442768293,25.368690490722656,2.813403785997036,10.71312141418457,0.36849581817021,0.2482761923003256,0.1299080635893507
VoxCPM-1.5|en,5.962121486663818,5.137057896727151,27.22974681854248,2.7839692126349496,10.714728355407717,0.4433868260960771,0.2990874764002518,0.2493706733794839
Voxtream|en,6.419244766235352,3.18654802491226,25.27266788482666,2.827177803526414,10.812796115875244,0.231093979441997,0.4487273617229563,0.1112946647087615
WhisperSpeech|en,6.628611564636231,3.370243520620229,24.26854705810547,2.775809684560912,10.857751846313477,0.2627351234179428,0.4572057898049088,0.1296412838263059
ZipVoice|en,5.874902486801148,4.144980982054404,28.22160530090332,2.8406933430336228,10.671852111816406,0.4390907978463045,0.4530102790014684,0.0457966226138031
e2-tts|en,7.291589021682739,2.724092606280444,25.13148593902588,2.7773238630327794,10.643442153930664,0.2820989353891336,0.0695897577092511,0.0114950440528633
f5-tts|en,6.95991325378418,2.7808204786510915,24.889596939086918,2.8188721763300424,10.699174880981444,0.2749416947395698,0.1054029541331951,0.0298652500647835
facebook_mms-tts-eng|en,5.328482151031494,0.6835580038498064,24.053205490112305,2.750520246444001,10.833735942840576,0.063203622124327,0.0759911894273128,0.0070362212432697
griffin_lim|en,0.5739961862564087,3.055433783148957,24.207353591918945,2.824010894625553,10.873767852783203,0.338913362701909,0.2034508076358296,0.3774596182085168
kokoro|en,6.102680206298828,2.3164044303526934,23.33556365966797,2.793713421917712,10.804412841796877,0.0685910812272973,0.2859378622768374,0.0831207975886854
microsoft_speecht5_tts|en,5.371455907821655,2.798257839993836,25.15576934814453,2.7611966040591787,10.833869934082031,0.3165993636808614,0.5023861967694567,0.0327643171806166
minimax_speech-02-turbo|en,9.257560729980469,1.6423186346949308,24.94652557373047,2.7737009596426137,10.806988716125488,0.0847683887331464,0.2483980776932319,0.1637965558670404
minimax_speech-2.6-hd|en,8.268271923065186,2.0222636031287142,25.468287467956543,2.8027745745653725,10.659433841705322,0.1018722466960351,0.3791299559471366,0.0535976505139501
optispeech|en,8.1193265914917,2.019046928382353,24.238969802856445,2.764938370105908,10.77571725845337,0.1093717222571847,0.4225928256765261,0.0
orpheus-tts-0.1-finetune|en,9.06643295288086,2.0276189453982294,24.1080379486084,2.8035344340055777,10.895944595336914,0.0295688159124282,0.3477172607128554,0.066379655586704
parler_tts_large_v1|en,5.790503263473511,2.2205293322552038,24.373665809631348,2.7710717232409907,10.894604682922363,0.060389133627019,0.2074417872876022,0.0276903713027061
parler_tts_mini_v0.1|en,6.101119518280029,2.645606243660498,24.4148063659668,2.790156951924675,10.960885047912598,0.0675909130171892,0.3552086032650946,0.0183985488468515
sesame_csm|en,4.645083904266357,2.5820075283939663,30.06770896911621,2.745165627671927,10.859954833984377,0.1879588839941262,0.4215520162656726,0.162572009488309
suno_bark-small|en,5.640089273452759,2.3119703568945864,30.30503749847412,2.8113290951094783,10.757673263549805,0.1670337738619677,0.3802706104468218,0.0844870988042794
suno_bark|en,6.380067825317383,1.7100250726906183,35.43715476989746,2.788767635489217,10.560442447662354,0.1247640025173065,0.3314977973568281,0.0499528005034612
vixTTS|en,7.828399658203125,1.952383348626605,24.700190544128414,2.7698494010234675,10.97495412826538,0.1180708516886931,0.2946035242290749,0.3162169603524228
