system,eer,auc,acc,bal_acc,n_spoof
Spark-TTS-0.5B,0.5624999999998782,0.40755781938325997,0.14285714285714285,0.5638766519823788,16
FireRedTTS-2.0,0.5154185022033245,0.4826541850220264,0.79004329004329,0.5554790748898679,16
Index-TTS-1.5,0.5110132158573802,0.5162995594713656,0.29252437703141926,0.6076358296622614,15
VoxCPM-1.5,0.5,0.5645059786028949,0.9067245119305857,0.6010069225928256,14
Higgs-Audio-V2,0.47826086956521735,0.5831737215092894,0.7883995703544576,0.6372581880865735,23
sesame_csm,0.4118942731285104,0.6872246696035242,0.3463626492942454,0.6685022026431718,13
f5-tts,0.4117647058823529,0.6717413837781809,0.8551351351351352,0.7241837263539777,17
griffin_lim,0.40000000000040237,0.6292217327459618,0.5590465872156013,0.6447503671071952,15
Microsoft VibeVoice 1.5B,0.3986784140983357,0.6788376821416469,0.8642779587404995,0.6657912572009488,13
VoxCPM-0.5B,0.3986784140980576,0.6486784140969163,0.6809881847475833,0.6245690480750814,23
Openaudio-S1-Mini,0.39096916299468126,0.6837444933920704,0.8520900321543409,0.6906167400881058,25
WhisperSpeech,0.3809523809523801,0.7061044682190056,0.5209903121636168,0.6619204950702748,21
Chatterbox,0.3777533039652359,0.7201069855254878,0.36984815618221256,0.6800660792951542,14
Nari Dia2,0.35792951541780205,0.6713055666800161,0.7410228509249184,0.6893271926311574,11
Index-TTS-2.0,0.35294117647057505,0.7147577092511013,0.5783783783783784,0.6986589790101062,17
ZipVoice,0.3381057268729294,0.666758443465492,0.7434782608695653,0.6644640234948604,12
OuteTTS,0.3181818181818202,0.6733580296355627,0.6924731182795699,0.6872747296756108,22
Mars5,0.3125,0.7638353524229076,0.7803030303030303,0.7347191629955947,16
Voxtream,0.29735682819501214,0.7122491434165443,0.703023758099352,0.7124326970141948,18
vixTTS,0.2863436123341915,0.7628716960352423,0.7045454545454546,0.7575715859030837,16
Metavoice-1B,0.2857142857147811,0.7694304594084329,0.6258134490238612,0.7396947765890497,14
RVC,0.2857142857142857,0.7454373820012586,0.6106290672451193,0.7319855254877281,14
Kani-TTS-370M,0.27272727272728975,0.7726271525830997,0.9499455930359086,0.7950540648778535,11
Step-Audio-EditX,0.27272727272726877,0.8500200240288347,0.809575625680087,0.7689227072486984,11
FishTTS,0.26666666666666683,0.8100587371512482,0.8104008667388949,0.7725036710719531,15
MiniCPM-o-2.6,0.26321585903128686,0.8279735682819384,0.7155172413793104,0.7812775330396475,20
SoulX-Podcast,0.2500000000001327,0.7771659324522759,0.9358695652173913,0.8030469897209985,12
e2-tts,0.25,0.7935710352422908,0.7640692640692641,0.75715859030837,16
microsoft_speecht5_tts,0.24999999999996386,0.8058920704845814,0.8597826086956522,0.8056167400881058,12
MeloTTS,0.23788546255547638,0.8461538461538463,0.8794788273615635,0.7872331413080311,13
minimax_speech-2.6-hd,0.2378854625543834,0.8671989720998532,0.9358695652173913,0.8441629955947136,12
suno_bark,0.22577092511102997,0.8359030837004405,0.9349240780911063,0.7911422278162367,14
Llasa-8B,0.2222222222222225,0.8187714145863926,0.755939524838013,0.7938693098384728,18
Edge-TTS,0.22222222222222224,0.9010034263338229,0.6793893129770993,0.8381057268722467,9
MegaTTS3,0.22026431718065873,0.8360604153555695,0.779826464208243,0.7827249842668345,14
Qwen2.5-Omni,0.21428571428555018,0.8211139081183133,0.8199566160520607,0.8030994336060415,14
MatchaTTS,0.19162995594590765,0.91431718061674,0.7854030501089324,0.8915198237885462,10
NeuTTS-Air,0.1894273127757391,0.8041712555066078,0.8106060606060606,0.8115363436123348,16
Nari Dia-1.6B,0.18612334801821637,0.8765518622346817,0.8139281828073993,0.8160292350820986,11
Cartesia.ai (Sonic-3),0.1818181818181817,0.9277132559070884,0.9445048966267682,0.8821085302362836,11
suno_bark-small,0.17731277533107337,0.9003303964757708,0.8969631236442517,0.842196349905601,14
Indri-TTS-0.1,0.1751101321595414,0.9360446821900567,0.7917570498915402,0.894273127753304,14
"Resemble.ai (April 12th, 2025)",0.16666666666666938,0.8967205090553109,0.7732181425485961,0.85713411649535,18
parler_tts_mini_v1,0.16666666666666632,0.9390602055800293,0.8238512035010941,0.9113436123348018,6
Microsoft VibeVoice Large,0.16409691629840223,0.9175304483026692,0.812972972972973,0.8758745789064524,17
parler_tts_large_v1,0.16189427312845936,0.9188168659534298,0.8383947939262473,0.8827879169288861,14
Kyutai-TTS,0.15789473684210534,0.933341061905866,0.8187702265372169,0.8817238581034083,19
Ringg Squirrel TTS v1.0,0.14977973568224656,0.939977973568282,0.9308855291576674,0.8830763582966226,18
parler_tts_mini_v0.1,0.1365638766521391,0.9257579683855921,0.8637837837837837,0.8728945322622441,17
OpenVoiceV2,0.12885462555175844,0.9245227606461087,0.8721560130010835,0.9022393538913362,15
kokoro,0.12665198237959804,0.9502086714583816,0.8737864077669902,0.8840424298632042,19
Llasa-1B-Multilingual,0.12500000000000003,0.932681718061674,0.8430735930735931,0.889454845814978,16
Maya1 TTS,0.11764705882320918,0.9678025395180098,0.8378378378378378,0.9174008810572687,17
DeepGram,0.11111111111111156,0.9637787567302987,0.8593238822246456,0.928964757709251,9
Veena,0.09691629955908097,0.9552588105726874,0.9036796536796536,0.9202918502202644,16
orpheus-tts-0.1-finetune,0.0909090909090979,0.9487384861834202,0.9640914036996736,0.9369243091710051,11
minimax_speech-02-turbo,0.09090909090909088,0.9634561473768521,0.9477693144722524,0.9286643972767321,11
Supertonic,0.08370044053015192,0.9578744493392071,0.9848484848484849,0.9308920704845816,16
optispeech,0.08259911894284114,0.974984266834487,0.8904555314533622,0.9443832599118942,14
Kitten-TTS-Nano-0.1,0.07142857142846615,0.9824575204531152,0.972885032537961,0.9510698552548773,14
facebook_mms-tts-eng,0.05555555555555562,0.9773617229564366,0.9222462203023758,0.960352422907489,18
Marvis-TTS,0.0330396475773745,0.9865638766519823,0.9671412924424972,0.9834801762114538,5
Kitten-TTS-Nano-0.2,0.0319383259908993,0.9942868942731278,0.9686147186147186,0.9840308370044053,16
