idx,sample_id,label,system_id,logit,sigmoid_prob,pred,kl_combined,kl_h0,kl_h1,kl_h2,kl_h3,kl_h4,kl_h5
0,0,1,A05,8.86460,0.99986,1,0.454046,0.410371,0.640638,0.334291,0.367318,0.606173,0.365482
1,1,0,-,1.78781,0.85666,1,0.348829,0.260277,0.393375,0.280628,0.439128,0.467916,0.251650
2,2,1,A06,5.36448,0.99534,1,0.400258,0.311853,0.470923,0.323593,0.402788,0.611028,0.281364
3,3,1,A03,8.02236,0.99967,1,0.230617,0.180701,0.371597,0.221110,0.244198,0.244177,0.121920
4,4,1,A06,0.64414,0.65569,1,0.722794,0.684760,0.737332,0.639428,0.904864,0.840211,0.530168
5,5,1,A03,7.37941,0.99938,1,0.302145,0.265370,0.359758,0.294886,0.285473,0.385410,0.221972
6,6,1,A06,8.67222,0.99983,1,0.295974,0.244432,0.388951,0.242483,0.336608,0.345179,0.218192
7,7,1,A03,6.51818,0.99853,1,0.214970,0.159160,0.205977,0.186538,0.237203,0.342209,0.158732
8,8,1,A06,7.53214,0.99946,1,0.299694,0.203553,0.372132,0.239900,0.349744,0.438538,0.194298
9,9,0,-,0.12186,0.53043,1,0.300069,0.204447,0.301740,0.263378,0.258201,0.411110,0.361541
10,10,1,A05,3.91325,0.98042,1,0.622728,0.407367,0.728902,0.526468,0.731823,0.783530,0.558274
11,11,1,A01,10.74133,0.99998,1,0.389031,0.384372,0.368841,0.429776,0.447834,0.403001,0.300362
12,12,1,A01,9.60223,0.99993,1,0.221450,0.169173,0.264836,0.173339,0.250883,0.333508,0.136964
13,13,1,A02,6.10375,0.99777,1,0.219576,0.197468,0.245371,0.217657,0.171012,0.341404,0.144542
14,14,0,-,-0.67943,0.33639,0,0.173221,0.152239,0.158079,0.193775,0.191732,0.188707,0.154793
15,15,1,A03,11.07177,0.99998,1,0.231731,0.253682,0.260791,0.188046,0.273281,0.252609,0.161976
16,16,1,A04,5.90836,0.99729,1,0.313009,0.222646,0.332623,0.261718,0.433091,0.389772,0.238205
17,17,1,A05,5.10547,0.99397,1,0.689585,0.678889,0.864107,0.672524,0.675610,0.635394,0.610986
18,18,1,A02,10.06642,0.99996,1,0.182163,0.113591,0.254247,0.198852,0.138657,0.267077,0.120556
19,19,1,A02,10.70277,0.99998,1,0.191561,0.201187,0.207834,0.187460,0.136776,0.282537,0.133571
20,20,1,A03,6.45337,0.99843,1,0.286615,0.209138,0.330193,0.205273,0.338507,0.448421,0.188154
21,21,1,A05,4.97765,0.99316,1,0.705999,0.502225,0.785584,0.583327,0.796266,0.891186,0.677406
22,22,1,A01,10.35867,0.99997,1,0.346748,0.223452,0.728716,0.297616,0.281585,0.376982,0.172136
23,23,1,A03,8.16155,0.99971,1,0.226019,0.157155,0.359133,0.197780,0.286182,0.244455,0.111408
24,24,1,A03,9.58780,0.99993,1,0.220589,0.168914,0.260665,0.202777,0.198582,0.367314,0.125284
25,25,1,A05,7.69963,0.99955,1,0.240550,0.186251,0.258229,0.226471,0.187476,0.355568,0.229303
26,26,1,A06,7.05761,0.99914,1,0.212158,0.183235,0.249418,0.140478,0.260861,0.290254,0.148702
27,27,1,A04,5.12181,0.99407,1,0.298446,0.187831,0.411749,0.228120,0.347421,0.409638,0.205918
28,28,1,A04,9.25258,0.99990,1,0.197316,0.132306,0.257826,0.169799,0.275378,0.238032,0.110552
29,29,0,-,2.53545,0.92659,1,0.234713,0.226350,0.422409,0.178765,0.188020,0.272558,0.120174
30,30,1,A01,10.77883,0.99998,1,0.223122,0.158290,0.297195,0.184742,0.270073,0.261398,0.167036
31,31,1,A01,10.58885,0.99997,1,0.176372,0.153798,0.213948,0.158333,0.154805,0.260570,0.116779
32,32,1,A06,6.65022,0.99871,1,0.200850,0.166136,0.289862,0.143572,0.251741,0.229529,0.124262
33,33,0,-,-0.53203,0.37004,0,0.260520,0.206476,0.347773,0.241203,0.292130,0.281120,0.194417
34,34,1,A03,6.42289,0.99838,1,0.221805,0.256564,0.281898,0.164769,0.229607,0.272373,0.125622
35,35,1,A06,5.91307,0.99730,1,0.285043,0.172913,0.361461,0.246919,0.189058,0.574183,0.165723
36,36,1,A01,7.74646,0.99957,1,0.160805,0.138568,0.237927,0.112817,0.124240,0.251666,0.099612
37,37,1,A02,9.79878,0.99994,1,0.240469,0.186883,0.308398,0.210868,0.312798,0.253810,0.170060
38,38,1,A02,5.82560,0.99706,1,0.505523,0.388832,0.618558,0.446517,0.535070,0.694877,0.349283
39,39,1,A04,8.25959,0.99974,1,0.485717,0.288939,0.570819,0.467127,0.492403,0.696341,0.398670
40,40,1,A04,4.46850,0.98867,1,0.170537,0.124089,0.172465,0.180360,0.151788,0.230121,0.164398
41,41,1,A06,2.71313,0.93780,1,0.193517,0.159590,0.244474,0.162594,0.258055,0.226355,0.110035
42,42,1,A02,8.37719,0.99977,1,0.683062,0.602273,1.324424,0.640691,0.535981,0.667539,0.327460
43,43,1,A04,9.72523,0.99994,1,0.154462,0.113746,0.181486,0.103787,0.189685,0.232122,0.105946
44,44,0,-,-0.24700,0.43856,0,0.215099,0.119349,0.359070,0.165902,0.191967,0.247319,0.206989
45,45,1,A05,8.03046,0.99967,1,0.261555,0.167040,0.339866,0.175292,0.249022,0.486828,0.151283
46,46,1,A04,8.42124,0.99978,1,0.222418,0.134049,0.273350,0.240164,0.267562,0.233336,0.186046
47,47,1,A04,9.98266,0.99995,1,0.244787,0.193826,0.269366,0.180527,0.203298,0.437958,0.183744
48,48,1,A03,8.16478,0.99972,1,0.177752,0.212068,0.225911,0.112677,0.168527,0.241483,0.105846
49,49,1,A01,10.39348,0.99997,1,0.310151,0.218305,0.205710,0.215503,0.235113,0.670748,0.315529
50,50,1,A06,5.74239,0.99680,1,0.286483,0.230352,0.320129,0.335800,0.310983,0.298659,0.222975
51,51,1,A02,9.94871,0.99995,1,0.354197,0.270950,0.399590,0.336517,0.354772,0.479967,0.283382
52,52,1,A04,7.54040,0.99947,1,0.129710,0.122620,0.142855,0.110656,0.153083,0.147047,0.102001
53,53,1,A04,5.15291,0.99425,1,0.273561,0.154183,0.453074,0.148913,0.191954,0.547410,0.145833
54,54,1,A05,10.95636,0.99998,1,0.226402,0.207140,0.302532,0.141873,0.204298,0.355892,0.146676
55,55,1,A02,3.07066,0.95567,1,0.486881,0.471956,0.575535,0.477961,0.510528,0.503142,0.382168
56,56,1,A02,10.40892,0.99997,1,0.268463,0.208562,0.317450,0.217185,0.287254,0.363422,0.216901
57,57,1,A05,3.75905,0.97722,1,0.748544,0.533144,0.661863,0.487334,0.879332,1.253254,0.676337
58,58,0,-,-1.78820,0.14329,0,0.252184,0.192690,0.331285,0.236291,0.344747,0.223600,0.184488
59,59,1,A01,5.32157,0.99514,1,0.258975,0.158913,0.277544,0.218799,0.242065,0.393793,0.262735
60,60,1,A01,8.09972,0.99970,1,0.294828,0.312564,0.252991,0.250104,0.271643,0.462180,0.219489
61,61,1,A05,10.91593,0.99998,1,0.430920,0.360047,0.494479,0.371434,0.545451,0.434627,0.379485
62,62,1,A03,7.14171,0.99921,1,0.404115,0.437433,0.405241,0.349183,0.417608,0.461472,0.353752
63,63,1,A06,6.93662,0.99903,1,0.311787,0.390618,0.339722,0.253197,0.289032,0.304153,0.294003
64,64,1,A01,6.70440,0.99878,1,0.180213,0.154519,0.290905,0.116325,0.159889,0.277166,0.082472
65,65,1,A06,0.89100,0.70910,1,0.277258,0.175325,0.278250,0.275051,0.343821,0.358383,0.232720
66,66,1,A01,10.93992,0.99998,1,0.294159,0.262688,0.293819,0.210539,0.247330,0.592741,0.157839
67,67,0,-,0.66016,0.65930,1,0.248970,0.198916,0.347330,0.206596,0.292303,0.268531,0.180143
68,68,1,A02,10.41285,0.99997,1,0.278592,0.216364,0.289703,0.203592,0.243312,0.568318,0.150264
69,69,1,A06,7.39421,0.99939,1,0.409298,0.311361,0.478755,0.349431,0.530435,0.415669,0.370135
70,70,1,A05,7.72290,0.99956,1,0.334221,0.189296,0.421549,0.245277,0.539172,0.314583,0.295450
71,71,1,A02,7.62862,0.99951,1,0.248335,0.183109,0.308412,0.268280,0.213865,0.380588,0.135757
72,72,1,A05,8.27245,0.99974,1,0.449326,0.360263,0.467519,0.412255,0.453894,0.603263,0.398760
73,73,1,A01,9.86446,0.99995,1,0.394975,0.326176,0.452775,0.316788,0.397906,0.618819,0.257388
74,74,1,A04,11.07147,0.99998,1,0.391406,0.296531,0.487587,0.325128,0.428583,0.543273,0.267334
75,75,1,A06,0.51345,0.62561,1,0.392688,0.317097,0.358215,0.337245,0.526138,0.431760,0.385673
76,76,1,A03,6.41108,0.99836,1,0.445287,0.353801,0.629574,0.410252,0.552046,0.378795,0.347253
77,77,1,A02,3.39296,0.96748,1,0.260153,0.204573,0.266702,0.295877,0.296172,0.299586,0.198009
78,78,0,-,1.51177,0.81932,1,0.177013,0.144140,0.202412,0.157826,0.241387,0.185810,0.130502
79,79,0,-,2.30349,0.90917,1,0.207395,0.194603,0.220349,0.183750,0.173697,0.283830,0.188142
80,80,1,A01,10.81646,0.99998,1,0.248048,0.227724,0.302976,0.263052,0.259864,0.253818,0.180857
81,81,1,A03,10.01930,0.99996,1,0.240189,0.163759,0.294659,0.214830,0.262599,0.350654,0.154634
82,82,1,A04,9.49850,0.99993,1,0.290283,0.185813,0.317015,0.208564,0.264707,0.592672,0.172926
83,83,1,A05,10.59141,0.99997,1,0.327202,0.311600,0.361883,0.257786,0.303100,0.430343,0.298497
84,84,1,A05,8.02309,0.99967,1,0.417577,0.355890,0.437510,0.330772,0.411398,0.692017,0.277877
85,85,0,-,-1.25598,0.22167,0,0.112449,0.064831,0.149817,0.097832,0.115632,0.162891,0.083691
86,86,1,A03,6.53816,0.99855,1,0.309088,0.225130,0.376481,0.279744,0.325436,0.285434,0.362301
87,87,1,A04,9.05464,0.99988,1,0.508858,0.391796,0.737640,0.471601,0.474168,0.607668,0.370274
88,88,0,-,1.94691,0.87511,1,0.153226,0.169859,0.200562,0.121813,0.148829,0.192349,0.085943
89,89,1,A05,7.92263,0.99964,1,0.301756,0.238338,0.345231,0.308472,0.341952,0.376422,0.200122
90,90,1,A02,7.72991,0.99956,1,0.566676,0.410054,0.651993,0.459183,0.459562,1.038869,0.380395
91,91,0,-,0.24832,0.56176,1,0.199179,0.178406,0.216695,0.128696,0.203865,0.359663,0.107751
92,92,1,A04,5.52403,0.99603,1,0.263249,0.206026,0.261595,0.257914,0.305327,0.311736,0.236897
93,93,0,-,-4.25780,0.01396,0,0.349836,0.366679,0.336213,0.262867,0.413948,0.498690,0.220616
94,94,1,A02,4.90338,0.99263,1,0.293072,0.237480,0.350649,0.245798,0.360324,0.366559,0.197625
95,95,1,A04,8.76487,0.99984,1,0.361339,0.288953,0.388440,0.339305,0.410460,0.462982,0.277892
96,96,0,-,-1.94529,0.12507,0,0.594099,0.489716,0.711771,0.529731,0.696193,0.681488,0.455693
97,97,1,A02,10.70505,0.99998,1,0.215822,0.218815,0.242749,0.159319,0.190855,0.347637,0.135554
98,98,1,A04,6.46793,0.99845,1,0.265495,0.175865,0.277974,0.213735,0.282078,0.459946,0.183375
99,99,1,A04,8.16457,0.99972,1,0.271426,0.231039,0.297207,0.228667,0.254954,0.348949,0.267738
100,100,1,A02,4.70148,0.99100,1,0.549678,0.334583,0.659978,0.541435,0.612130,0.722882,0.427061
101,101,1,A05,9.19139,0.99990,1,0.363546,0.231745,0.581849,0.295969,0.397355,0.440726,0.233633
102,102,1,A02,10.29087,0.99997,1,0.371309,0.251020,0.700821,0.307360,0.249142,0.451653,0.267858
103,103,1,A06,3.30336,0.96454,1,0.268959,0.208953,0.385903,0.242300,0.294541,0.312366,0.169691
104,104,1,A06,7.61665,0.99951,1,0.455872,0.543990,0.446190,0.450505,0.456412,0.458749,0.379385
105,105,1,A03,5.89888,0.99726,1,0.235896,0.202904,0.261411,0.183445,0.252354,0.348897,0.166365
106,106,1,A05,8.20591,0.99973,1,0.553532,0.942694,0.419443,0.425096,0.572750,0.589002,0.372209
107,107,1,A05,7.84158,0.99961,1,0.331997,0.261206,0.401779,0.270117,0.494498,0.322603,0.241781
108,108,1,A06,4.40011,0.98787,1,0.320118,0.267945,0.391088,0.248839,0.229254,0.547693,0.235890
109,109,1,A06,6.06006,0.99767,1,0.605532,0.491631,0.556679,0.506592,0.550858,0.929356,0.598074
110,110,0,-,-1.09428,0.25081,0,0.478050,0.575810,0.630756,0.335128,0.579098,0.403725,0.343785
111,111,1,A02,5.88179,0.99722,1,0.343292,0.360556,0.304774,0.503036,0.328915,0.316067,0.246401
112,112,1,A06,-0.79205,0.31173,0,0.212411,0.116114,0.408421,0.141895,0.186535,0.296825,0.124676
113,113,1,A01,10.62136,0.99998,1,0.173040,0.141832,0.180620,0.155180,0.164905,0.209303,0.186398
114,114,1,A05,7.01067,0.99910,1,1.377809,0.957839,1.608608,1.506821,1.848657,1.366469,0.978459
115,115,1,A06,0.35251,0.58723,1,0.345307,0.259903,0.481993,0.303225,0.372064,0.343818,0.310838
116,116,1,A02,7.97972,0.99966,1,0.345501,0.283048,0.315635,0.321711,0.392031,0.523778,0.236805
117,117,1,A01,6.93336,0.99903,1,0.125686,0.065211,0.149173,0.092343,0.083378,0.313080,0.050929
118,118,1,A02,7.60834,0.99950,1,0.203991,0.180358,0.212136,0.220683,0.228428,0.239718,0.142622
119,119,0,-,1.67611,0.84239,1,0.324874,0.264277,0.415860,0.294716,0.325912,0.366745,0.281736
120,120,1,A01,10.72261,0.99998,1,0.208523,0.200860,0.276251,0.162439,0.205721,0.277239,0.128627
121,121,1,A02,10.45731,0.99997,1,0.221688,0.180470,0.308049,0.217417,0.219909,0.283576,0.120705
122,122,1,A06,6.38377,0.99831,1,0.381056,0.258309,0.511460,0.315478,0.452066,0.478095,0.270928
123,123,1,A03,3.07442,0.95583,1,0.240426,0.146877,0.322099,0.239236,0.244324,0.340682,0.149335
124,124,0,-,0.41698,0.60276,1,0.464976,0.335967,0.597371,0.396141,0.516640,0.599900,0.343839
125,125,1,A01,9.67163,0.99994,1,0.209078,0.163322,0.227868,0.212918,0.200157,0.280014,0.170189
126,126,1,A06,9.19389,0.99990,1,0.333606,0.198631,0.449625,0.262456,0.340065,0.522498,0.228358
127,127,0,-,0.42452,0.60456,1,0.524075,0.384910,0.608333,0.411656,0.698404,0.703535,0.337610
128,128,1,A05,10.28025,0.99997,1,0.265789,0.274152,0.315436,0.225877,0.321098,0.238678,0.219494
129,129,0,-,0.02574,0.50643,1,0.345982,0.474734,0.408265,0.314281,0.349933,0.291739,0.236940
130,130,0,-,-0.15851,0.46045,0,0.256315,0.218327,0.364562,0.229569,0.263822,0.270234,0.191377
131,131,0,-,-2.61128,0.06842,0,0.165611,0.116089,0.217394,0.102817,0.147138,0.301318,0.108909
132,132,1,A03,7.01176,0.99910,1,0.158865,0.106964,0.181402,0.124435,0.174210,0.270178,0.096002
133,133,1,A03,6.98106,0.99907,1,0.221835,0.141631,0.255615,0.147110,0.200663,0.452770,0.133221
134,134,1,A06,6.21945,0.99801,1,0.200273,0.175707,0.225203,0.163930,0.219933,0.222016,0.194849
135,135,1,A01,8.33429,0.99976,1,0.343433,0.310053,0.491500,0.260926,0.376506,0.371373,0.250239
136,136,1,A05,9.83998,0.99995,1,0.324228,0.232097,0.374684,0.235046,0.410251,0.490366,0.202926
137,137,1,A02,4.63357,0.99037,1,0.457983,0.322303,0.638062,0.366979,0.520060,0.453672,0.446824
138,138,1,A06,1.84427,0.86345,1,0.256701,0.191700,0.321853,0.198043,0.249729,0.371980,0.206898
139,139,1,A04,9.92794,0.99995,1,0.241185,0.176284,0.321704,0.228620,0.314332,0.253531,0.152642
140,140,0,-,-1.21542,0.22874,0,0.429832,0.327905,0.491956,0.393628,0.572792,0.396658,0.396052
141,141,1,A03,8.00887,0.99967,1,0.465938,0.356396,0.538491,0.447046,0.482298,0.594186,0.377210
142,142,1,A04,3.59731,0.97333,1,0.286839,0.176848,0.278750,0.236524,0.315598,0.451011,0.262304
143,143,0,-,1.39622,0.80158,1,0.414506,0.293437,0.439960,0.380740,0.522842,0.561054,0.289004
144,144,1,A06,2.65793,0.93450,1,0.251977,0.194074,0.240652,0.208592,0.220095,0.496061,0.152391
145,145,1,A03,5.92108,0.99732,1,0.436134,0.210705,0.545091,0.335966,0.335216,0.915388,0.274441
146,146,1,A02,9.81842,0.99995,1,0.371225,0.290320,0.366761,0.356323,0.368676,0.549979,0.295288
147,147,1,A01,8.84451,0.99986,1,0.267054,0.189554,0.331131,0.188550,0.212938,0.478340,0.201811
148,148,1,A01,10.21166,0.99996,1,0.414853,0.427683,0.487515,0.330948,0.429413,0.531341,0.282220
149,149,1,A04,7.76001,0.99957,1,0.166341,0.165141,0.154132,0.106012,0.202144,0.241223,0.129396
150,150,1,A01,6.17202,0.99792,1,0.255971,0.172811,0.377431,0.184028,0.260621,0.361555,0.179380
151,151,0,-,-1.12942,0.24427,0,0.388911,0.358317,0.505740,0.331626,0.358843,0.463634,0.315305
152,152,1,A05,7.62818,0.99951,1,0.785042,0.571676,0.799497,1.081218,1.055281,0.691523,0.511058
153,153,1,A02,9.40393,0.99992,1,0.229117,0.155588,0.330625,0.204677,0.229722,0.304630,0.149461
154,154,1,A01,9.74454,0.99994,1,0.210424,0.138783,0.208983,0.249065,0.202042,0.332296,0.131378
155,155,1,A01,10.76056,0.99998,1,0.134351,0.099586,0.180082,0.141592,0.133839,0.149002,0.102004
156,156,1,A06,0.60989,0.64791,1,0.380707,0.339953,0.395042,0.356537,0.448583,0.475514,0.268612
157,157,1,A05,5.75586,0.99685,1,0.530701,0.458050,0.602159,0.447601,0.597627,0.713344,0.365428
158,158,1,A06,2.61805,0.93201,1,0.897948,0.574741,0.995874,0.696226,0.914817,1.524267,0.681765
159,159,0,-,-1.48161,0.18518,0,0.460207,0.366608,0.798457,0.419351,0.418693,0.487630,0.270502
160,160,0,-,-1.55467,0.17441,0,0.261644,0.144065,0.288342,0.224708,0.250474,0.499173,0.163102
161,161,1,A06,6.29210,0.99815,1,0.247636,0.160648,0.299186,0.257424,0.259012,0.245294,0.264250
162,162,0,-,-0.28606,0.42897,0,0.292262,0.263022,0.338465,0.207737,0.369297,0.358655,0.216396
163,163,1,A05,8.87495,0.99986,1,0.215729,0.168955,0.288067,0.176624,0.253888,0.256989,0.149854
164,164,1,A02,9.95639,0.99995,1,0.143999,0.091280,0.201442,0.122159,0.124567,0.253725,0.070820
165,165,0,-,1.74142,0.85087,1,0.586519,0.421419,0.671997,0.506293,0.770227,0.703411,0.445767
166,166,0,-,-0.11181,0.47208,0,0.254082,0.162827,0.304257,0.269148,0.188779,0.341322,0.258157
167,167,1,A05,7.57493,0.99949,1,0.293516,0.181778,0.373789,0.312088,0.314925,0.381321,0.197194
168,168,1,A04,9.02637,0.99988,1,0.335034,0.215797,0.415089,0.281336,0.353109,0.431479,0.313395
169,169,1,A05,1.19444,0.76753,1,1.288120,0.971414,1.417232,1.039616,1.825111,1.566280,0.909065
170,170,1,A05,7.37357,0.99937,1,0.700718,0.748400,0.880626,0.613190,0.765054,0.668559,0.528475
171,171,1,A02,5.76367,0.99687,1,0.379667,0.433761,0.346666,0.388142,0.461183,0.357806,0.290445
172,172,1,A02,9.88312,0.99995,1,0.318535,0.217634,0.329308,0.323130,0.299329,0.442703,0.299105
173,173,1,A05,8.86178,0.99986,1,0.399235,0.314515,0.490133,0.305932,0.529046,0.451590,0.304196
174,174,1,A02,8.95597,0.99987,1,0.140637,0.108913,0.181320,0.128866,0.123997,0.234172,0.066555
175,175,1,A06,5.59344,0.99629,1,0.359948,0.290818,0.437294,0.279359,0.415296,0.465408,0.271511
176,176,1,A03,10.38461,0.99997,1,0.199654,0.150088,0.236562,0.162701,0.182362,0.329104,0.137108
177,177,1,A01,11.29351,0.99999,1,0.191961,0.193354,0.207589,0.183430,0.163157,0.208413,0.195824
178,178,1,A02,5.04717,0.99361,1,0.656248,0.547869,0.775805,0.606971,0.798508,0.730975,0.477361
179,179,1,A05,9.83768,0.99995,1,0.257061,0.188947,0.389596,0.178264,0.216620,0.415097,0.153843
180,180,0,-,-1.20472,0.23064,0,0.331802,0.340281,0.343366,0.303436,0.396115,0.352415,0.255199
181,181,1,A02,11.64964,0.99999,1,0.290087,0.274990,0.310225,0.355908,0.295310,0.293430,0.210659
182,182,1,A02,7.19320,0.99925,1,0.211134,0.192515,0.230541,0.153779,0.207435,0.366683,0.115850
183,183,1,A06,3.80240,0.97817,1,0.446182,0.311581,0.538695,0.360702,0.580682,0.598069,0.287363
184,184,1,A03,9.15116,0.99989,1,0.259455,0.195134,0.223501,0.227549,0.295920,0.426061,0.188568
185,185,1,A06,-0.23651,0.44115,0,0.294238,0.214554,0.317882,0.194237,0.254364,0.639828,0.144563
186,186,1,A03,9.57021,0.99993,1,0.647468,0.425514,0.915482,0.517993,0.752799,0.849742,0.423277
187,187,0,-,-0.74517,0.32188,0,0.291609,0.219182,0.307552,0.205331,0.293382,0.543524,0.180683
188,188,0,-,-1.49428,0.18328,0,0.270222,0.173516,0.451422,0.190360,0.265602,0.339087,0.201343
189,189,1,A04,7.48037,0.99944,1,0.248378,0.224313,0.228857,0.249141,0.324167,0.299467,0.164324
190,190,1,A05,9.48852,0.99992,1,0.478028,0.415797,0.517275,0.414047,0.502134,0.695698,0.323214
191,191,1,A06,0.48172,0.61815,1,0.360014,0.222389,0.426196,0.324786,0.440508,0.325478,0.420728
192,192,1,A03,6.79173,0.99888,1,0.410134,0.260029,0.483744,0.391609,0.463277,0.576946,0.285200
193,193,1,A04,10.30838,0.99997,1,0.205379,0.142827,0.248516,0.253249,0.211804,0.245546,0.130334
194,194,1,A05,2.01109,0.88196,1,1.209061,1.052571,1.212955,1.334945,1.778459,0.983871,0.891564
195,195,1,A04,7.75209,0.99957,1,0.291132,0.271061,0.345590,0.284213,0.343247,0.309456,0.193226
196,196,1,A02,6.74085,0.99882,1,0.325040,0.217239,0.442929,0.214976,0.312643,0.561787,0.200668
197,197,1,A01,9.66288,0.99994,1,0.519351,0.479973,0.589088,0.487338,0.671854,0.511763,0.376093
198,198,1,A02,10.48582,0.99997,1,0.186013,0.151478,0.234085,0.132621,0.164701,0.286445,0.146750
199,199,1,A01,10.39581,0.99997,1,0.365283,0.241904,0.470826,0.313052,0.379335,0.551265,0.235319
200,200,1,A04,7.38321,0.99938,1,0.178795,0.132708,0.195506,0.175881,0.178934,0.265326,0.124419
201,201,1,A02,2.55300,0.92777,1,0.236918,0.204263,0.221787,0.216359,0.308516,0.309391,0.161191
202,202,1,A02,5.66929,0.99656,1,0.306777,0.195781,0.450771,0.232403,0.361825,0.382194,0.217692
203,203,1,A05,8.69111,0.99983,1,0.589812,0.474981,0.619012,0.550013,0.698841,0.694927,0.501095
204,204,1,A01,9.89392,0.99995,1,0.196495,0.233496,0.179232,0.203077,0.177038,0.239576,0.146548
205,205,1,A05,8.82305,0.99985,1,0.274987,0.210742,0.310138,0.212324,0.320070,0.367869,0.228779
206,206,1,A04,9.12659,0.99989,1,0.377760,0.323853,0.348080,0.426578,0.357204,0.412084,0.398759
207,207,1,A03,2.80592,0.94300,1,0.230228,0.146741,0.428769,0.154324,0.185945,0.311438,0.154155
208,208,1,A04,8.68053,0.99983,1,0.334004,0.221187,0.415788,0.281023,0.427114,0.411900,0.247011
209,209,1,A01,10.23708,0.99996,1,0.227367,0.160625,0.230692,0.257074,0.235887,0.318418,0.161507
210,210,1,A03,5.23115,0.99468,1,0.716178,0.853770,0.827956,0.702691,0.741987,0.698157,0.472509
211,211,1,A03,6.91709,0.99901,1,0.233827,0.166348,0.223099,0.257224,0.179567,0.402791,0.173934
212,212,1,A04,9.21644,0.99990,1,0.325778,0.306165,0.352047,0.309649,0.399026,0.342775,0.245006
213,213,1,A05,8.84517,0.99986,1,0.264828,0.291952,0.241460,0.236546,0.297316,0.270967,0.250727
214,214,0,-,1.73694,0.85030,1,0.260781,0.186441,0.396676,0.246296,0.292598,0.283732,0.158945
215,215,1,A05,9.16679,0.99990,1,0.207717,0.160780,0.278404,0.187958,0.238244,0.237051,0.143867
216,216,1,A06,4.26917,0.98620,1,0.290799,0.206066,0.353968,0.229614,0.330466,0.394550,0.230133
217,217,1,A06,2.57350,0.92914,1,0.193902,0.172240,0.222496,0.179462,0.211592,0.228160,0.149463
218,218,0,-,6.62240,0.99867,1,0.534807,0.388397,0.773866,0.550105,0.491763,0.643564,0.361149
219,219,1,A04,9.07423,0.99989,1,0.214654,0.149006,0.348886,0.177996,0.241231,0.256088,0.114719
220,220,1,A01,10.78437,0.99998,1,0.171564,0.158742,0.222512,0.151832,0.162848,0.237130,0.096323
221,221,1,A03,6.90125,0.99899,1,0.182244,0.167770,0.196721,0.169271,0.194491,0.228178,0.137034
222,222,1,A01,8.25565,0.99974,1,0.342914,0.261062,0.365557,0.290061,0.354317,0.476291,0.310196
223,223,1,A06,2.47036,0.92204,1,0.424813,0.279741,0.525031,0.368309,0.460779,0.642170,0.272851
224,224,1,A03,5.34787,0.99526,1,0.262980,0.160654,0.384898,0.246784,0.256793,0.369455,0.159293
225,225,1,A06,6.33883,0.99824,1,0.509812,0.486894,0.520901,0.596876,0.457763,0.430318,0.566122
226,226,1,A04,6.87867,0.99897,1,0.379430,0.410435,0.408929,0.358881,0.413612,0.350374,0.334352
227,227,1,A01,10.36299,0.99997,1,0.171346,0.177208,0.186165,0.177684,0.162218,0.220864,0.103937
228,228,1,A03,11.03322,0.99998,1,0.138420,0.108804,0.196460,0.115459,0.123306,0.195208,0.091284
229,229,1,A01,9.00594,0.99988,1,0.398009,0.280056,0.549984,0.408692,0.461547,0.419056,0.268720
230,230,1,A01,10.08087,0.99996,1,0.258791,0.249603,0.258966,0.226180,0.266595,0.409880,0.141521
231,231,1,A06,6.22892,0.99803,1,0.252236,0.156326,0.250874,0.160314,0.206311,0.556057,0.183537
232,232,1,A02,10.28610,0.99997,1,0.127070,0.114749,0.170815,0.105207,0.097368,0.207676,0.066607
233,233,1,A03,7.28084,0.99931,1,0.247497,0.209467,0.329988,0.216692,0.269521,0.298569,0.160744
234,234,1,A05,8.27255,0.99974,1,1.078343,0.713912,1.277445,1.029252,0.904884,1.696107,0.848460
235,235,1,A01,11.51245,0.99999,1,0.240724,0.219888,0.282150,0.163567,0.211810,0.423863,0.143065
236,236,1,A01,10.46911,0.99997,1,0.226175,0.193835,0.267253,0.208697,0.235930,0.244392,0.206943
237,237,1,A02,6.62652,0.99868,1,0.431799,0.426672,0.490361,0.371438,0.490519,0.425544,0.386264
238,238,1,A06,2.08631,0.88957,1,0.337264,0.303709,0.426289,0.344668,0.317125,0.418311,0.213479
239,239,1,A01,9.67132,0.99994,1,0.455955,0.338349,0.615797,0.364472,0.367348,0.817527,0.232237
240,240,1,A03,9.14708,0.99989,1,0.237135,0.254320,0.297193,0.224710,0.202960,0.291716,0.151907
241,241,1,A06,0.00719,0.50180,1,0.367638,0.286396,0.497726,0.270041,0.413176,0.507390,0.231101
242,242,1,A06,1.78625,0.85647,1,0.237828,0.190213,0.236629,0.217737,0.216521,0.356728,0.209143
243,243,1,A02,7.46944,0.99943,1,0.375543,0.231836,0.402785,0.344604,0.453090,0.562099,0.258842
244,244,1,A04,7.75625,0.99957,1,0.139848,0.105488,0.182050,0.128554,0.151668,0.172625,0.098707
245,245,1,A06,0.92329,0.71571,1,0.880783,0.716044,0.909009,0.762022,0.874036,1.395004,0.628584
246,246,1,A02,5.45867,0.99576,1,0.232634,0.200559,0.206137,0.176293,0.219564,0.425516,0.167738
247,247,1,A04,9.98139,0.99995,1,0.439568,0.370863,0.458368,0.302954,0.427594,0.753754,0.323877
248,248,1,A06,3.20662,0.96108,1,0.302279,0.259651,0.308562,0.329044,0.262131,0.476261,0.178023
249,249,1,A03,4.65047,0.99053,1,0.265442,0.185808,0.270951,0.348354,0.266446,0.265048,0.256048
250,250,1,A01,8.61276,0.99982,1,0.268125,0.186048,0.346828,0.236828,0.343220,0.311244,0.184581
251,251,1,A05,5.06116,0.99370,1,0.396543,0.468954,0.377987,0.385947,0.410407,0.420286,0.315679
252,252,0,-,0.37354,0.59231,1,0.422706,0.349491,0.501401,0.381408,0.538776,0.422403,0.342756
253,253,1,A05,2.78630,0.94193,1,0.526447,0.340496,0.500223,0.666966,0.527958,0.741611,0.381427
254,254,1,A01,10.97996,0.99998,1,0.297084,0.168712,0.384405,0.186988,0.260418,0.624665,0.157317
255,255,1,A03,9.76817,0.99994,1,0.258186,0.210972,0.281062,0.251302,0.334507,0.298089,0.173186
256,256,1,A05,3.04509,0.95457,1,1.158975,1.426382,1.081945,1.305615,1.349173,0.801100,0.989633
257,257,1,A05,-0.58878,0.35691,0,0.335991,0.234555,0.416389,0.312607,0.382739,0.365202,0.304455
258,258,1,A04,8.24719,0.99974,1,0.230547,0.162522,0.228492,0.204606,0.227833,0.361703,0.198127
259,259,1,A04,10.34913,0.99997,1,0.227551,0.200245,0.291030,0.180057,0.231795,0.320482,0.141697
260,260,1,A05,5.94389,0.99739,1,0.387864,0.304437,0.460221,0.325306,0.476002,0.445216,0.316003
261,261,1,A01,9.01532,0.99988,1,1.117974,0.755422,1.994150,0.933268,1.037707,1.102938,0.884357
262,262,1,A05,5.27563,0.99491,1,0.224803,0.172679,0.233407,0.257209,0.231880,0.312093,0.141549
263,263,1,A03,10.38888,0.99997,1,0.155724,0.155631,0.161988,0.119220,0.141322,0.261217,0.094964
264,264,1,A03,7.52312,0.99946,1,0.146639,0.077194,0.238231,0.150732,0.110825,0.207806,0.095044
265,265,1,A01,9.68854,0.99994,1,0.247157,0.197447,0.259869,0.223561,0.338496,0.301440,0.162131
266,266,0,-,2.86626,0.94615,1,0.126968,0.120803,0.138152,0.112780,0.136195,0.151047,0.102831
267,267,1,A04,9.98337,0.99995,1,0.228527,0.158742,0.308658,0.185620,0.244151,0.315185,0.158804
268,268,1,A03,6.50746,0.99851,1,0.167517,0.144560,0.211232,0.189208,0.177304,0.193529,0.089266
269,269,1,A06,5.78353,0.99693,1,0.287930,0.209607,0.365165,0.278271,0.331252,0.256254,0.287031
270,270,1,A02,7.95698,0.99965,1,0.350089,0.357157,0.453549,0.349396,0.362320,0.332209,0.245902
271,271,1,A03,9.52965,0.99993,1,0.232301,0.149066,0.219682,0.228512,0.251389,0.367579,0.177578
272,272,1,A02,6.93657,0.99903,1,0.248244,0.264101,0.251966,0.174302,0.249717,0.376126,0.173254
273,273,1,A03,3.87068,0.97958,1,0.362443,0.271191,0.534566,0.284915,0.425541,0.403428,0.255018
274,274,1,A01,8.01946,0.99967,1,0.171199,0.182186,0.164237,0.169769,0.146879,0.256345,0.107778
275,275,1,A03,6.77941,0.99886,1,0.279375,0.246485,0.397402,0.222283,0.232036,0.391717,0.186325
276,276,1,A01,8.94394,0.99987,1,0.294928,0.236962,0.367594,0.279803,0.328599,0.359659,0.196951
277,277,0,-,-0.12244,0.46943,0,0.222023,0.260268,0.245766,0.180507,0.224894,0.253416,0.167289
278,278,1,A04,6.98286,0.99907,1,0.284106,0.226398,0.297023,0.280961,0.373393,0.282648,0.244215
279,279,1,A06,8.86787,0.99986,1,0.367281,0.281986,0.502134,0.312238,0.333914,0.476167,0.297249
280,280,1,A01,8.92557,0.99987,1,0.192522,0.152620,0.255643,0.175279,0.211484,0.239836,0.120269
281,281,1,A05,4.39816,0.98785,1,0.582796,0.381685,0.638939,0.428792,0.733784,0.902268,0.411307
282,282,1,A06,1.85538,0.86476,1,0.759263,0.624574,1.041142,0.712683,0.716275,0.911391,0.549511
283,283,1,A05,4.59863,0.99003,1,1.003706,1.140618,0.793233,1.644667,1.088485,0.728796,0.626439
284,284,0,-,-1.16703,0.23739,0,0.531993,0.314926,1.089022,0.420944,0.512170,0.566542,0.288356
285,285,1,A02,9.05374,0.99988,1,0.157510,0.104016,0.195244,0.097534,0.143819,0.312711,0.091737
286,286,1,A04,9.34586,0.99991,1,0.392120,0.291003,0.439404,0.370652,0.482716,0.480974,0.287968
287,287,1,A02,10.69517,0.99998,1,0.264918,0.166263,0.401835,0.188738,0.259653,0.378675,0.194346
288,288,1,A03,6.68635,0.99875,1,0.349169,0.263844,0.364865,0.358656,0.460383,0.344414,0.302853
289,289,1,A06,4.72317,0.99119,1,0.224621,0.151535,0.358767,0.176938,0.226276,0.281925,0.152285
290,290,1,A02,9.32977,0.99991,1,0.248022,0.168165,0.367956,0.166987,0.231675,0.380390,0.172956
291,291,1,A04,8.05757,0.99968,1,0.197619,0.155834,0.241078,0.136023,0.199947,0.314867,0.137963
292,292,0,-,-0.61020,0.35201,0,0.534670,0.590283,0.512369,0.509840,0.646555,0.636315,0.312655
293,293,0,-,-0.52285,0.37219,0,0.422302,0.363435,0.493443,0.374915,0.469061,0.517416,0.315546
294,294,1,A03,5.23246,0.99469,1,0.184302,0.134809,0.255010,0.155913,0.193676,0.269992,0.096410
295,295,1,A02,8.07039,0.99969,1,0.175608,0.120699,0.249258,0.143179,0.165424,0.257155,0.117933
296,296,0,-,-0.63536,0.34630,0,0.743128,0.770417,0.691486,0.650993,0.910773,0.808434,0.626662
297,297,1,A04,8.20992,0.99973,1,0.260822,0.159540,0.354532,0.248344,0.337000,0.331556,0.133959
298,298,1,A03,9.29165,0.99991,1,0.182980,0.140867,0.235026,0.193517,0.185361,0.217587,0.125525
299,299,1,A03,9.40712,0.99992,1,0.252164,0.255125,0.372975,0.224719,0.221443,0.291564,0.147161
300,300,1,A02,8.26642,0.99974,1,0.381037,0.377112,0.363624,0.315094,0.434848,0.547347,0.248195
301,301,1,A04,9.48706,0.99992,1,0.395030,0.259649,0.536222,0.305261,0.429238,0.543959,0.295851
302,302,0,-,2.99763,0.95247,1,0.308107,0.251019,0.349006,0.260678,0.334179,0.399089,0.254669
303,303,1,A06,0.35532,0.58791,1,0.273412,0.170960,0.357768,0.248282,0.289136,0.261553,0.312772
304,304,1,A04,1.10050,0.75035,1,0.274111,0.167107,0.380769,0.206577,0.332707,0.363724,0.193783
305,305,1,A06,0.60408,0.64659,1,0.198660,0.149417,0.229838,0.181673,0.210340,0.255256,0.165433
306,306,1,A04,6.84282,0.99893,1,0.236583,0.177589,0.276557,0.179669,0.258390,0.386071,0.141220
307,307,1,A05,6.14632,0.99786,1,0.391823,0.341233,0.500037,0.294022,0.466710,0.506014,0.242924
308,308,1,A03,7.18430,0.99924,1,0.228212,0.259339,0.228669,0.215340,0.167836,0.394465,0.103625
309,309,1,A04,8.80053,0.99985,1,0.489746,0.286022,0.609989,0.429321,0.474930,0.665996,0.472215
310,310,1,A05,6.77482,0.99886,1,0.586200,0.500132,0.805768,0.511735,0.699299,0.556090,0.444175
311,311,1,A04,8.86296,0.99986,1,0.280103,0.232047,0.249154,0.268398,0.326909,0.358320,0.245791
312,312,1,A05,9.44004,0.99992,1,0.322410,0.279591,0.319382,0.300773,0.395647,0.367122,0.271942
313,313,1,A03,10.35218,0.99997,1,0.295163,0.191760,0.352630,0.241443,0.371733,0.374091,0.239322
314,314,1,A03,5.77548,0.99691,1,0.220950,0.218645,0.290674,0.137167,0.223894,0.330475,0.124843
315,315,1,A04,7.13089,0.99920,1,0.349237,0.264643,0.324602,0.303069,0.408026,0.581978,0.213105
316,316,1,A04,5.10850,0.99399,1,0.325665,0.288983,0.298628,0.331499,0.383994,0.352233,0.298654
317,317,1,A05,10.36301,0.99997,1,0.338310,0.299526,0.337782,0.310359,0.444471,0.412313,0.225407
318,318,1,A04,5.80465,0.99700,1,0.267712,0.169488,0.365490,0.293678,0.191785,0.416223,0.169612
319,319,1,A01,10.63429,0.99998,1,0.265603,0.201635,0.267567,0.309087,0.263468,0.368668,0.183191
320,320,0,-,2.03575,0.88450,1,0.216592,0.184480,0.179628,0.194723,0.308927,0.320064,0.111731
321,321,0,-,0.74810,0.67876,1,0.191362,0.173816,0.232494,0.148482,0.211204,0.238707,0.143467
322,322,0,-,6.85626,0.99895,1,0.439204,0.361797,0.636194,0.353242,0.413794,0.501581,0.368614
323,323,1,A04,8.50609,0.99980,1,0.311602,0.322824,0.351621,0.235596,0.318776,0.458709,0.182087
324,324,1,A02,3.85896,0.97935,1,0.304729,0.199865,0.350039,0.249587,0.335879,0.490029,0.202974
325,325,1,A04,10.46908,0.99997,1,0.341432,0.219006,0.358014,0.289715,0.402946,0.500707,0.278202
326,326,1,A05,9.50593,0.99993,1,0.878051,1.120226,0.746487,0.871586,1.215865,0.761967,0.552177
327,327,1,A02,10.52769,0.99997,1,0.358004,0.259106,0.301906,0.351411,0.312984,0.622851,0.299764
328,328,1,A02,11.22112,0.99999,1,0.219000,0.153973,0.280218,0.161174,0.226769,0.402538,0.089331
329,329,1,A03,9.10234,0.99989,1,0.182444,0.116002,0.214324,0.133910,0.191043,0.331179,0.108208
330,330,1,A04,10.72293,0.99998,1,0.228714,0.139431,0.282396,0.339122,0.193392,0.246256,0.171688
331,331,1,A03,8.50559,0.99980,1,0.200952,0.202335,0.205081,0.179654,0.260613,0.225818,0.132208
332,332,0,-,-1.29980,0.21420,0,0.321905,0.223435,0.400496,0.272552,0.409774,0.375660,0.249515
333,333,1,A03,6.66493,0.99873,1,0.275293,0.221547,0.317647,0.227662,0.198677,0.487556,0.198668
334,334,0,-,6.29863,0.99816,1,0.215179,0.179920,0.246361,0.175336,0.201765,0.326622,0.161074
335,335,1,A06,3.07762,0.95596,1,0.555229,0.466497,0.724694,0.526407,0.634322,0.604168,0.375285
336,336,1,A01,8.50480,0.99980,1,0.195276,0.137729,0.242452,0.142789,0.199187,0.314438,0.135059
337,337,1,A01,10.46313,0.99997,1,0.277801,0.161376,0.399433,0.180906,0.263138,0.542835,0.119118
338,338,0,-,4.47789,0.98877,1,0.460078,0.292966,0.631873,0.358620,0.402647,0.763100,0.311261
339,339,1,A01,7.68342,0.99954,1,0.399631,0.324317,0.505035,0.381245,0.433304,0.423499,0.330384
340,340,1,A01,9.75222,0.99994,1,0.349392,0.254279,0.461872,0.306840,0.388648,0.433867,0.250846
341,341,1,A02,3.34222,0.96585,1,0.268842,0.326984,0.388697,0.236622,0.225669,0.246706,0.188375
342,342,1,A01,9.76384,0.99994,1,0.445946,0.285124,0.624774,0.304761,0.375892,0.853815,0.231312
343,343,1,A03,7.87615,0.99962,1,0.371591,0.325438,0.361155,0.349827,0.348349,0.545737,0.299040
344,344,1,A06,-0.15136,0.46223,0,0.355684,0.326321,0.398643,0.321405,0.373687,0.457407,0.256640
345,345,1,A05,9.10524,0.99989,1,0.681865,0.547857,0.927901,0.694666,0.702193,0.729628,0.488943
346,346,1,A06,4.71312,0.99110,1,0.185200,0.114496,0.319523,0.108677,0.129415,0.351236,0.087851
347,347,1,A05,5.39055,0.99546,1,0.397599,0.296675,0.391714,0.385436,0.363677,0.572693,0.375397
348,348,0,-,3.95167,0.98114,1,0.423764,0.287562,0.579972,0.293170,0.555732,0.537683,0.288467
349,349,1,A01,11.64498,0.99999,1,0.225173,0.257615,0.248868,0.148595,0.257592,0.309109,0.129257
