system,C,T,baseline_eer,model_eer,d_eer,baseline_auc,model_auc,d_auc,d_bal_acc,d_acc,eer_improved,auc_corroborated
Marvis-TTS,-11.07228,2.7861,0.2000000000003107,0.0833333333330851,-0.11666666666722561,0.9240088105726872,0.9734948604992658,0.04948604992657857,0.08476505139500734,-0.029207740051113595,True,True
"Resemble.ai (April 12th, 2025)",-10.97008,2.89231,0.2777777777775597,0.16593245227659945,-0.11184532550096024,0.8188325991189427,0.8894395496818405,0.07060695056289779,0.10319791156795566,-0.04679625629949602,True,True
Microsoft VibeVoice Large,-11.20791,2.80826,0.2352941176470588,0.12768852034178427,-0.10760559730527453,0.8701736201088366,0.9204241167832773,0.0502504966744407,0.06626284875183552,0.13009009009008998,True,True
MegaTTS3,-10.87811,2.81748,0.3571428571428213,0.2619047619047618,-0.09523809523805948,0.7709251101321586,0.8096811411789385,0.03875603104677994,0.03870358716173694,0.21475054229934937,True,True
Index-TTS-2.0,-11.02141,2.74238,0.428414096917327,0.3393798047856662,-0.08903429213166081,0.6142135268204197,0.7054288675822752,0.09121534076185545,0.04790748898678421,0.09405405405405398,True,True
Index-TTS-1.5,-11.09735,2.74406,0.5999999999999996,0.5205580029372372,-0.07944199706276245,0.3758443465491923,0.4697993147332354,0.09395496818404309,0.05277777777777781,0.4048392921632358,True,True
Microsoft VibeVoice 1.5B,-11.06696,2.72165,0.3846153846153616,0.3076923076923202,-0.0769230769230414,0.646645205015249,0.7524003162769682,0.10575511126171921,0.08579012764034799,0.0694896851248642,True,True
e2-tts,-10.92617,2.76124,0.3711453744483705,0.30469897210038427,-0.06644640234798621,0.7031938325991189,0.7406387665198237,0.037444933920704804,0.036160058737151224,0.07106782106782106,True,True
VoxCPM-0.5B,-10.66426,2.74095,0.4140969162984599,0.3527261699549995,-0.0613707463434604,0.6096533231181767,0.6694279512226267,0.05977462810445,0.05549703122007288,0.011815252416756183,True,True
Openaudio-S1-Mini,-10.82325,2.85961,0.3999999999999531,0.34491923641693517,-0.055080763583017944,0.6790748898678415,0.7206167400881057,0.04154185022026424,0.050682819383260025,-0.10325116112897459,True,True
OpenVoiceV2,-11.36205,2.6472,0.2621145374449449,0.20930004894744533,-0.05281448849749956,0.7904552129221734,0.8702887909936369,0.07983357807146352,0.07034997552618705,-0.03358613217768147,True,True
minimax_speech-02-turbo,-11.02915,2.74086,0.1818181818181817,0.13292617808047322,-0.048892003737708495,0.932819383259912,0.9494393271926311,0.01661994393271915,0.03874649579495393,0.017410228509249115,True,True
DeepGram,-11.17381,2.62221,0.157488986784906,0.1111111111109734,-0.0463778756739326,0.9358786098874204,0.9541523902757382,0.01827378038831773,0.004425681187795738,0.04507451835696108,True,True
MeloTTS,-11.02763,2.75371,0.2307692307692276,0.19024624421103184,-0.04052298655819575,0.912741443578448,0.896419292895064,-0.01632215068338405,-0.022097029255619627,0.05609844372059358,True,False
FireRedTTS-2.0,-9.67617,2.74047,0.6249999999999997,0.5898494860498827,-0.035150513950116924,0.3053414096916299,0.41698788546255505,0.11164647577092518,0.04790748898678421,0.6572871572871573,True,True
Supertonic,-11.13805,2.78536,0.125,0.09407121879559784,-0.030928781204402164,0.969920154185022,0.9696677679882525,-0.00025238619676948293,0.017116372980910288,-0.026695526695526772,True,False
Spark-TTS-0.5B,-10.85044,2.8038,0.625,0.5945301027899749,-0.030469897210025132,0.3876651982378855,0.38062132892804695,-0.007043869309838524,0.01541850220264318,-0.05014430014430005,True,False
MiniCPM-o-2.6,-10.42072,2.73015,0.3303964757709247,0.3007342143909987,-0.029662261379926003,0.7543502202643172,0.7911160058737151,0.036765785609397916,-0.00528634361233471,-0.05818965517241381,True,True
Llasa-1B-Multilingual,-11.06328,2.67872,0.1574889867839805,0.127936857562151,-0.029552129221829482,0.92903359030837,0.9305708516886931,0.0015372613803231738,0.012527533039647598,0.044733044733044736,True,True
Mars5,-11.32011,2.84054,0.4374999999999708,0.41024229074804247,-0.02725770925192833,0.5824614537444934,0.6435618575624081,0.061100403817914706,0.044465859030836996,0.18795093795093798,True,True
Veena,-11.30142,2.76771,0.105726872245475,0.07957048458193616,-0.026156387663538838,0.9620732378854624,0.9712279735682818,0.009154735682819437,-0.001651982378854444,-0.0032467532467532756,True,True
minimax_speech-2.6-hd,-11.40033,2.69219,0.2500000000001466,0.22760646108683313,-0.02239353891331347,0.8198421439060205,0.8424192364170336,0.02257709251101314,0.001346059716103798,-0.0514492753623188,True,True
NeuTTS-Air,-11.09782,2.80331,0.25,0.2284324522761013,-0.02156754772389871,0.7926762114537446,0.8249587004405287,0.0322824889867841,0.033590308370044064,0.06601731601731586,True,True
facebook_mms-tts-eng,-11.25166,2.6995,0.1024229074873087,0.08113069016151633,-0.021292217325792367,0.9626162506118452,0.9679800946320771,0.005363844020231934,0.01851851851851838,0.0007199424046074876,True,True
Kitten-TTS-Nano-0.2,-11.13214,2.69919,0.0625,0.04185022026406247,-0.020649779735937533,0.973430616740088,0.991166483113069,0.01773586637298097,0.033452643171806185,0.0054112554112552,True,True
Kyutai-TTS,-11.10458,2.69058,0.1541850220255072,0.13449648349970952,-0.01968853852579769,0.9363552051936008,0.9378429554061363,0.0014877502125354436,-0.022828271118324528,0.005753326141675674,True,True
Qwen2.5-Omni,-11.10027,2.65093,0.280837004404946,0.26174743024952657,-0.019089574155419453,0.7711611076148521,0.8203010279001468,0.04913992028529468,0.017437591776798933,-0.12725958062183673,True,True
Edge-TTS,-10.92675,2.75393,0.2059471365635573,0.18710230053838176,-0.018844836025175532,0.8947626040137053,0.8759585576766193,-0.01880404633708599,-0.02414749551313433,0.09741912031988376,True,False
WhisperSpeech,-11.26201,2.76802,0.3809523809525412,0.3684182924275387,-0.012534088525002485,0.6815082861338368,0.7094433955667436,0.02793510943290678,0.028686805118523062,-0.21672048797990662,True,True
Voxtream,-10.93791,2.77738,0.3270925110123337,0.31567139827076396,-0.011421112741569761,0.7098017621145374,0.7141254690814162,0.004323706966878782,0.01827378038831806,0.05363570914326854,True,True
Maya1 TTS,-10.7007,2.72062,0.1764705882351814,0.17087760214197925,-0.0055929860932021624,0.8826768592899714,0.892826293513,0.010149434223028608,0.009177679882525824,0.018018018018018056,True,True
Kani-TTS-370M,-11.07769,2.78509,0.2202643171806545,0.21879588839956632,-0.001468428781088188,0.8433119743692431,0.802496328928047,-0.04081564544119609,-0.0014350553998130344,-0.12114617337685896,True,False
orpheus-tts-0.1-finetune,-11.16202,2.73997,0.0909090909090912,0.09090909090909993,8.729128531115293e-15,0.947436924309171,0.971499132292084,0.02406220798291292,0.01670337738619676,0.03300689154878489,False,False
SoulX-Podcast,-10.93597,2.76337,0.3333333333333337,0.3333333333333508,1.709743457922741e-14,0.6994309838472834,0.7169909446891826,0.017559960841899147,-0.043624571708272275,-0.05905797101449284,False,False
microsoft_speecht5_tts,-11.04778,2.79557,0.2500000000002551,0.25061184532573283,0.0006118453254777556,0.7678964757709251,0.7648984336759668,-0.002998042094958353,0.0020802741067059705,0.031159420289854967,False,False
f5-tts,-10.75229,2.70689,0.3898678414094841,0.392156862745094,0.0022890213356098754,0.6410987302409951,0.6627580547637557,0.021659324522760648,0.03816835104085692,-0.15171171171171183,False,False
Nari Dia-1.6B,-11.2362,2.78417,0.2290748898677189,0.231678013616026,0.0026031237483070957,0.8932719263115739,0.867440929114938,-0.025830997196635952,-0.018538913362701748,-0.03663402248821179,False,False
kokoro,-11.13242,2.85862,0.1321585903070981,0.136544555220242,0.004385964913143914,0.9556573150939022,0.9468274209753459,-0.00882989411855628,-0.014008037715433908,0.10715569938870928,False,False
Chatterbox,-11.13056,2.82544,0.285714285714382,0.2913782252992942,0.005663939584912181,0.7168030207677785,0.7411107614852108,0.024307740717432358,0.004483952171176919,0.07809110629067262,False,False
OuteTTS,-10.98285,2.79802,0.3931718061669267,0.4063876651981913,0.013215859031264598,0.6662995594713657,0.6623448137765319,-0.003954745694833783,0.009845147510345709,0.09139784946236573,False,False
Ringg Squirrel TTS v1.0,-11.25993,2.75387,0.0881057268712717,0.10348343938561295,0.015377712514341252,0.9727116984826236,0.9669807472670909,-0.005730951215532687,-0.0008361886115190176,-0.01943844492440605,False,False
Llasa-8B,-11.13795,2.7481,0.2621145374438587,0.2777777777776614,0.015663240333802675,0.7773494860499266,0.7926660140316528,0.015316527981726225,0.030979768314569944,0.14974802015838728,False,False
suno_bark,-10.55239,2.80122,0.2511013215846743,0.2710824417877335,0.0199811202030592,0.8059314033983637,0.7969897209985316,-0.008941682399832063,0.004746171596392013,0.14786695589298626,False,False
Kitten-TTS-Nano-0.1,-11.27775,2.68213,0.0495594713653781,0.06969792322176577,0.02013845185638767,0.9904027690371304,0.9857090413257814,-0.004693727711349016,-0.014841619467169997,-0.006146059291395445,False,False
parler_tts_mini_v1,-11.02714,2.73203,0.1420704845810204,0.16275085658320468,0.020680372002184283,0.9449339207048458,0.9107317670093001,-0.03420215369554569,-0.0501713166911405,-0.0448577680525164,False,False
Cartesia.ai (Sonic-3),-11.13107,2.77879,0.0909090909090908,0.11216793485474456,0.021258843945653763,0.9535442531037244,0.9407956214123615,-0.012748631691362866,-0.01872246696035218,-0.03699673558215444,False,False
sesame_csm,-10.80728,2.79118,0.2830396475764219,0.30498136225000994,0.02194171467358802,0.800152490681125,0.7721676267931774,-0.02798486388794763,-0.02631876200158134,0.04777415852334421,False,False
Higgs-Audio-V2,-11.109,2.80124,0.4347826086956909,0.4579742067292421,0.023191598033551197,0.6046734342080062,0.5643076039072974,-0.04036583030070884,-0.005011811274979183,0.11421410669530974,False,False
Indri-TTS-0.1,-11.05397,2.73531,0.0814977973582911,0.10499265785629219,0.02349486049800109,0.9693989930774072,0.9574680092301238,-0.011930983847283416,-0.035583176001678374,-0.04699927693420114,False,False
Step-Audio-EditX,-11.19811,2.72185,0.2015418502210192,0.22870778267217198,0.027165932451152786,0.841309571485783,0.8711787478307302,0.029869176344947235,0.049876518488853216,-0.049328980776205955,False,False
VoxCPM-1.5,-11.05028,2.80275,0.4779735682815185,0.5051395007336484,0.02716593245212995,0.5553807426054123,0.5299192364170338,-0.025461506188378502,-0.013661632053702633,-0.09616775126536514,False,False
suno_bark-small,-10.97017,2.74983,0.2147577092521519,0.24486049926612333,0.030102790013971426,0.8414096916299559,0.8502464862597021,0.00883679462974618,-0.05105412208936433,0.037960954446854545,False,False
parler_tts_large_v1,-10.88228,2.72001,0.1046255506613693,0.13535766729636267,0.030732116634993367,0.953508495909377,0.92039018250472,-0.033118313404656985,-0.06230333543108868,-0.030368763557483636,False,False
RVC,-11.10697,2.72935,0.2857142857142856,0.31655129012000044,0.030837004405714852,0.7556639395846445,0.7684078036500944,0.012743864065449917,-0.0014946507237257878,-0.026030368763557576,False,False
parler_tts_mini_v0.1,-10.93578,2.702,0.1057268722460944,0.13731968558357158,0.03159281333747718,0.9282845296708992,0.9060205580029369,-0.022263971667962346,-0.0258486654573723,-0.012972972972972951,False,False
Nari Dia2,-11.16706,2.70401,0.2819383259912535,0.3152783340011226,0.03334000800986908,0.7294753704445334,0.749799759711654,0.020324389267120657,-0.005773594980643448,-0.04098657961552399,False,False
vixTTS,-11.27667,2.78681,0.2257709251091819,0.27266886931008383,0.04689794420090193,0.8531112334801761,0.8024733847283407,-0.05063784875183541,-0.04593428781204112,-0.11038961038961048,False,False
Metavoice-1B,-11.26542,2.78059,0.2857142857140903,0.33543108873520633,0.04971680302111603,0.776431718061674,0.7015156282777428,-0.07491608978393116,-0.05370253828403615,-0.03651482284887919,False,False
FishTTS,-11.17461,2.7008,0.2666666666666666,0.3195056289770231,0.05283896231035651,0.8086637298091043,0.7808125305922663,-0.027851199216837985,-0.03619676945668149,-0.26471650415312387,False,False
griffin_lim,-10.82422,2.8566,0.4,0.45354870288817356,0.05354870288817354,0.6585168869309839,0.5840186000978953,-0.07449828683308857,-0.020374449339207068,-0.3625857710364754,False,False
MatchaTTS,-11.11983,2.76045,0.1000000000000026,0.1551395007343583,0.05513950073435571,0.9284140969162996,0.8971365638766521,-0.03127753303964753,-0.024449339207048504,-0.08097312999273787,False,False
optispeech,-11.08127,2.75023,0.0737885462561879,0.13672120830691778,0.06293266205072988,0.9431246066708622,0.9402139710509755,-0.0029106356198866923,-0.03154499685336698,-0.03904555314533631,False,False
ZipVoice,-10.86822,2.80332,0.3469162995605787,0.42633382280963644,0.07941752324905776,0.6422540381791483,0.6227055800293685,-0.01954845814977979,0.006852667645619204,-0.12173913043478257,False,False
