group,file_path,bout_duration_s,voiced_fraction,unvoiced_run_mean_s,voiced_burst_mean_s,voicing_transition_rate_hz,f0_mean_hz,f0_range_hz,f0_std_hz,harmonicity_acf_db,spectral_cog_hz,spectral_cog_std_hz,inter_onset_cv
laugh-audioldm2,/home/ubuntu/DeepfakeDetectionRenewed/laughsmi/data/laugh_oss/audioldm2/audioldm2_001_p0_r1.wav,3.7719375,0.1440677966101695,1.0773333333333335,0.272,1.0604629583602592,463.52657932015023,57.09406029545619,16.103349123026856,-2.26797362683583,2997.3539730293924,626.5356911679213,0.5434605784211078
laugh-audioldm2,/home/ubuntu/DeepfakeDetectionRenewed/laughsmi/data/laugh_oss/audioldm2/audioldm2_004_p1_r1.wav,3.7763125,0.13924050632911392,1.088,0.13199999999999998,1.5888515582330647,417.350672400257,181.28941505545072,47.553856644931024,-2.708214044578077,2985.2850532311472,746.3747526235654,0.508350899449379
laugh-audioldm2,/home/ubuntu/DeepfakeDetectionRenewed/laughsmi/data/laugh_oss/audioldm2/audioldm2_011_p3_r2.wav,3.7653125,0.2245762711864407,0.732,0.2826666666666667,1.5934932359531913,415.25760517372964,219.29929356200807,68.59117398089353,-2.6817240278937864,2336.299471813208,462.7878530553828,0.6003018937854865
laugh-audioldm2,/home/ubuntu/DeepfakeDetectionRenewed/laughsmi/data/laugh_oss/audioldm2/audioldm2_000_p0_r0.wav,3.766875,0.1864406779661017,0.768,0.14079999999999998,2.1237763398042144,414.96189498009676,217.6743357086409,62.13323885165124,-3.7422701943774026,2949.7183973542133,669.924636972148,0.7611717234449942
laugh-audioldm2,/home/ubuntu/DeepfakeDetectionRenewed/laughsmi/data/laugh_oss/audioldm2/audioldm2_008_p2_r2.wav,3.765875,0.3093220338983051,0.3725714285714285,0.19466666666666665,3.18651043914097,444.73387380885197,171.95617159565205,53.68810032450356,-1.887408741156798,2522.008257172194,367.08106998273433,0.5508284538429821
laugh-audioldm2,/home/ubuntu/DeepfakeDetectionRenewed/laughsmi/data/laugh_oss/audioldm2/audioldm2_029_p9_r2.wav,3.6406875,0.3333333333333333,0.608,0.4053333333333333,1.6480403769892362,428.1281296169997,168.1467420244407,49.01391686660342,-0.810701693770844,2525.504490617838,598.0091236857338,0.42111238189169947
laugh-audioldm2,/home/ubuntu/DeepfakeDetectionRenewed/laughsmi/data/laugh_oss/audioldm2/audioldm2_018_p6_r0.wav,3.7664375,0.4915254237288136,0.2742857142857143,0.3093333333333333,3.186034548562136,392.6313259136391,248.45524373975655,75.92997016941234,-1.3328884088188153,2515.181656549895,735.8851068566008,1.2216782224970637
laugh-audioldm2,/home/ubuntu/DeepfakeDetectionRenewed/laughsmi/data/laugh_oss/audioldm2/audioldm2_003_p1_r0.wav,3.7746875,0.17796610169491525,0.5173333333333333,0.1344,2.6492259292987828,462.47666750248305,116.62260776551511,31.939269293438382,-2.253576459340252,2720.5073886575924,513.4071077611402,0.4973330281145453
laugh-audioldm2,/home/ubuntu/DeepfakeDetectionRenewed/laughsmi/data/laugh_oss/audioldm2/audioldm2_025_p8_r1.wav,3.7645,0.2584745762711864,1.4,0.976,0.5312790543232833,377.2169811715418,199.0147430660541,55.216494881525485,-1.828029769316522,2434.569818202358,538.3322140376332,0.6922470965185673
laugh-audioldm2,/home/ubuntu/DeepfakeDetectionRenewed/laughsmi/data/laugh_oss/audioldm2/audioldm2_014_p4_r2.wav,3.7655,0.1906779661016949,0.6112,0.18,2.124551852343646,400.3712856557652,233.50915992042428,83.54749984937538,-3.2621404354920593,2536.8110711240392,452.958047765368,0.565295605253475
laugh-audioldm2,/home/ubuntu/DeepfakeDetectionRenewed/laughsmi/data/laugh_oss/audioldm2/audioldm2_016_p5_r1.wav,3.7655,0.16101694915254236,1.0559999999999998,0.304,1.062275926171823,469.2042941746271,43.36363222078438,12.56013841445396,-2.0311265200215023,2473.470089640405,456.72155549478873,0.5524700536750088
laugh-audioldm2,/home/ubuntu/DeepfakeDetectionRenewed/laughsmi/data/laugh_oss/audioldm2/audioldm2_012_p4_r0.wav,3.765625,0.15677966101694915,1.0613333333333335,0.296,1.062240663900415,450.5854880234106,116.62260776551511,38.63138048963611,-2.794462567449891,2622.5477765593173,507.03031560548766,0.5750318442791054
laugh-audioldm2,/home/ubuntu/DeepfakeDetectionRenewed/laughsmi/data/laugh_oss/audioldm2/audioldm2_026_p8_r2.wav,3.7664375,0.4279661016949153,0.3085714285714286,0.26933333333333337,3.186034548562136,386.6080720712219,173.84726449959936,46.54538286141001,-2.1942250080279493,2374.44910544292,635.7794540169709,0.5768245388029098
laugh-audioldm2,/home/ubuntu/DeepfakeDetectionRenewed/laughsmi/data/laugh_oss/audioldm2/audioldm2_002_p0_r2.wav,3.5545625,0.3094170403587444,0.4106666666666667,0.18399999999999997,3.0946143161078195,461.1490560652504,84.34828393375841,24.875742950837285,-2.158944195975402,3070.199753929175,628.9125570178348,0.4186171246803176
laugh-audioldm2,/home/ubuntu/DeepfakeDetectionRenewed/laughsmi/data/laugh_oss/audioldm2/audioldm2_015_p5_r0.wav,3.7634375,0.11016949152542373,1.6800000000000002,0.208,0.7971435688781865,453.6566521818553,91.48559596029628,26.762516813420365,-2.297953833983115,2481.0641044149634,568.015634740649,0.4980430424101923
laugh-audioldm2,/home/ubuntu/DeepfakeDetectionRenewed/laughsmi/data/laugh_oss/audioldm2/audioldm2_028_p9_r1.wav,3.7695,0.16101694915254236,0.6336,0.152,2.1222973869213426,459.3897189096866,100.8116430681689,27.382188601573414,-3.576871297698165,2883.6989212612693,382.09756963839374,0.7076124802829067
laugh-audioldm2,/home/ubuntu/DeepfakeDetectionRenewed/laughsmi/data/laugh_oss/audioldm2/audioldm2_010_p3_r1.wav,3.7654375,0.2033898305084746,1.0026666666666666,0.256,1.3278669477318372,440.28373361880136,177.58843254944384,68.96168567779131,-3.248801263658779,2397.381516357471,565.6528241747516,0.5598920008540776
laugh-audioldm2,/home/ubuntu/DeepfakeDetectionRenewed/laughsmi/data/laugh_oss/audioldm2/audioldm2_013_p4_r1.wav,3.76775,0.2330508474576271,0.724,0.29333333333333333,1.5924623449008029,469.098701842484,164.29304901374235,42.85852535127667,-1.0296358528375205,2265.470454298541,445.6177127216671,0.6488757163361875
laugh-audioldm2,/home/ubuntu/DeepfakeDetectionRenewed/laughsmi/data/laugh_oss/audioldm2/audioldm2_021_p7_r0.wav,3.7845625,0.18565400843881857,1.0293333333333334,0.352,1.056925338133536,413.0215361698654,125.1299658872652,29.791145945034096,-2.3322410279305466,2465.372893840481,313.9441878978871,0.505105384596222
laugh-audioldm2,/home/ubuntu/DeepfakeDetectionRenewed/laughsmi/data/laugh_oss/audioldm2/audioldm2_017_p5_r2.wav,3.763875,0.288135593220339,0.5376,0.21760000000000002,2.3911527348809405,414.4627455806132,216.03996457019144,63.57235598591326,-2.016421035374642,2404.3355046895635,402.12825170514424,0.5387357224987287
laugh-bark_laughs_inline,/home/ubuntu/DeepfakeDetectionRenewed/laughsmi/data/bark_probe/speech_laugh/en_speaker_6_014.wav,8.603875,0.6951672862453532,0.32799999999999996,0.6648888888888889,1.8596272028591767,141.13549348363694,111.50122147539392,34.359700118698804,2.847834028693438,1478.351896593394,842.5613735755205,0.8789239993374224
laugh-bark_laughs_inline,/home/ubuntu/DeepfakeDetectionRenewed/laughsmi/data/bark_probe/speech_laugh/en_speaker_6_008.wav,5.833375,0.7534246575342466,0.16,0.44000000000000006,3.0856922450553923,147.16741951731538,150.25289307879885,39.02952472594383,3.1430209918376266,1559.3887013554472,1028.112119611067,0.8599761117093007
laugh-bark_laughs_inline,/home/ubuntu/DeepfakeDetectionRenewed/laughsmi/data/bark_probe/speech_laugh/en_speaker_9_011.wav,5.0334375,0.6126984126984127,0.24400000000000005,0.44114285714285717,2.781399391568883,243.31150549608202,176.70218508588758,34.66819506359773,2.711022381034226,1673.6312749774565,897.3914172957925,0.751649668795268
laugh-bark_laughs_inline,/home/ubuntu/DeepfakeDetectionRenewed/laughsmi/data/bark_probe/speech_laugh/en_speaker_9_014.wav,8.2328125,0.40194174757281553,0.5475555555555556,0.41400000000000003,1.9434427785158475,258.94340238256973,301.80172150513215,98.23081712510418,-4.238201540432887,2427.005927484902,964.6922142050071,2.1728721888071947
laugh-bark_laughs_inline,/home/ubuntu/DeepfakeDetectionRenewed/laughsmi/data/bark_probe/speech_laugh/en_speaker_9_001.wav,6.339,0.33753148614609574,0.4208,0.23822222222222222,2.839564600094652,196.56735038790632,102.46364675903365,25.33485623905158,-4.509464312064942,2333.6518868046246,1127.2136202982872,1.0249682880926216
laugh-bark_laughs_inline,/home/ubuntu/DeepfakeDetectionRenewed/laughsmi/data/bark_probe/speech_laugh/en_speaker_6_001.wav,7.2344375,0.7991169977924945,0.104,0.41371428571428576,3.732149182296481,146.69580191802805,182.49495313941662,35.25457658544615,3.3505411611703018,1367.4284121228843,824.3810804447222,1.110142302069188
laugh-bark_laughs_inline,/home/ubuntu/DeepfakeDetectionRenewed/laughsmi/data/bark_probe/speech_laugh/en_speaker_9_009.wav,6.5245625,0.5588235294117647,0.28800000000000003,0.4053333333333333,2.758805667046641,222.2079865823988,222.7611623690495,56.30684235723438,-1.1561080763526774,1933.4553414742752,1179.4628480360823,1.2224557021208442
laugh-bark_laughs_inline,/home/ubuntu/DeepfakeDetectionRenewed/laughsmi/data/bark_probe/speech_laugh/en_speaker_6_019.wav,9.1844375,0.8643478260869565,0.104,0.6116923076923076,2.6131159366047187,146.23244677687595,102.28229075873581,31.42901950222459,5.488614507984263,1209.104630354612,613.7916646680917,1.0750038084828077
laugh-bark_laughs_inline,/home/ubuntu/DeepfakeDetectionRenewed/laughsmi/data/bark_probe/speech_laugh/en_speaker_9_012.wav,5.8403125,0.5327868852459017,0.456,0.52,1.8834608593290172,266.33956703691615,254.4183446042622,67.6029816409735,-2.0949038971111293,1960.1449475394384,1021.3580631083845,0.7049079561325945
laugh-bark_laughs_inline,/home/ubuntu/DeepfakeDetectionRenewed/laughsmi/data/bark_probe/speech_laugh/en_speaker_9_002.wav,4.6526875,0.3642611683848797,0.592,0.3392,1.9343658906814611,241.30437790274652,124.94918175631574,31.18006634310253,-4.162524728937613,2409.377648947568,1087.3800942007747,1.405747682856305
laugh-bark_laughs_inline,/home/ubuntu/DeepfakeDetectionRenewed/laughsmi/data/bark_probe/speech_laugh/en_speaker_6_012.wav,8.9579375,0.6464285714285715,0.264,0.44553846153846166,2.6791881501740775,109.62539479561309,112.02877685489923,33.865210775257694,0.7231250924567145,1495.5300239591095,1182.024188412234,0.8998202476657032
laugh-bark_laughs_inline,/home/ubuntu/DeepfakeDetectionRenewed/laughsmi/data/bark_probe/speech_laugh/en_speaker_6_015.wav,8.3366875,0.6455938697318008,0.16444444444444445,0.2995555555555556,4.198310180152489,138.6722818704881,105.81542683253438,25.93828978331862,1.5982809021864401,1526.5590886230218,876.4862857774474,0.6595522040879941
laugh-bark_laughs_inline,/home/ubuntu/DeepfakeDetectionRenewed/laughsmi/data/bark_probe/speech_laugh/en_speaker_9_006.wav,3.8794375,0.5761316872427984,0.2354285714285715,0.32,3.3510012727360605,187.58054038146156,81.97713988948064,17.829086833497172,2.659141795477808,1698.457527217618,1233.479077064399,0.922208831145497
laugh-bark_laughs_inline,/home/ubuntu/DeepfakeDetectionRenewed/laughsmi/data/bark_probe/speech_laugh/en_speaker_6_017.wav,8.3463125,0.7279693486590039,0.1622857142857143,0.4053333333333333,3.354774938034012,131.49369204288809,99.72093795711599,37.078564888301024,2.9315884799084433,1386.0191298729012,719.996765312308,1.4426801397754119
laugh-bark_laughs_inline,/home/ubuntu/DeepfakeDetectionRenewed/laughsmi/data/bark_probe/speech_laugh/en_speaker_9_003.wav,6.04575,0.4656084656084656,0.404,0.352,2.4810817516437167,280.5954144783564,195.7619652134912,43.52963529338421,-3.8942453857302146,2035.6729148451816,981.5123694656361,1.1060579512773978
laugh-bark_laughs_inline,/home/ubuntu/DeepfakeDetectionRenewed/laughsmi/data/bark_probe/speech_laugh/en_speaker_9_000.wav,8.497125,0.5676691729323309,0.4088888888888889,0.6040000000000001,1.8829898347970635,351.88338813383757,335.88100240617956,121.30874238693592,1.0563141368724938,1986.4936263749298,594.4468563455397,1.4321867830486876
laugh-bark_laughs_inline,/home/ubuntu/DeepfakeDetectionRenewed/laughsmi/data/bark_probe/speech_laugh/en_speaker_6_000.wav,2.731,0.5380116959064327,0.2528,0.368,2.929329915781765,101.92769985800287,79.53007660313382,17.83234276301944,0.9659199351367592,1236.939564402287,491.5097636500801,0.6497265224043213
laugh-bark_laughs_inline,/home/ubuntu/DeepfakeDetectionRenewed/laughsmi/data/bark_probe/speech_laugh/en_speaker_9_005.wav,13.59375,0.5894117647058823,0.3284705882352941,0.47152941176470586,2.4275862068965517,319.4419416139427,229.2946507712729,73.78374996185636,-4.0187610146228705,2582.351488609018,795.4542629739913,2.537528676940248
laugh-bark_laughs_inline,/home/ubuntu/DeepfakeDetectionRenewed/laughsmi/data/bark_probe/speech_laugh/en_speaker_6_006.wav,4.4038125,0.7971014492753623,0.112,0.3911111111111112,3.633215537673323,105.87343147286195,97.270948945085,17.781496704816107,2.517976733227966,1250.062482408238,601.5687879905965,0.6100996967520158
laugh-bark_laughs_inline,/home/ubuntu/DeepfakeDetectionRenewed/laughsmi/data/bark_probe/speech_laugh/en_speaker_6_009.wav,13.0520625,0.8725490196078431,0.11093333333333334,0.712,2.298487308040396,152.5239927936235,105.72530761357035,32.679653758086374,8.657104995494999,1260.2985970107286,642.5295349523284,2.3909923804951165
laugh-bark_laughter_token,/home/ubuntu/DeepfakeDetectionRenewed/laughsmi/data/bark_probe/laughter_only/en_speaker_9_006.wav,6.350625,0.29219143576826195,1.124,0.6186666666666666,0.9447888987304399,239.79676557060458,284.8758167265071,100.4538378363829,-4.071448246683449,2249.2565880404177,943.1324404398842,0.4455744925382178
laugh-bark_laughter_token,/home/ubuntu/DeepfakeDetectionRenewed/laughsmi/data/laugh_bank_bark/en_speaker_5_003.wav,3.754375,0.548936170212766,0.8480000000000001,1.032,0.7990677542866655,61.40811583804629,4.678930982571302,0.8396577541081462,1.762530955333317,2457.5106498832024,782.1202836655755,1.1652370269520103
laugh-bark_laughter_token,/home/ubuntu/DeepfakeDetectionRenewed/laughsmi/data/laugh_bank_bark/es_speaker_8_004.wav,3.4399375,0.7441860465116279,0.11,0.32,4.36054434128527,221.05870302136037,190.00585902141077,48.819382795859525,1.6973084298895227,1502.9966870993114,1003.3129469818759,0.8496411044176918
laugh-bark_laughter_token,/home/ubuntu/DeepfakeDetectionRenewed/laughsmi/data/laugh_bank_bark/fr_speaker_1_002.wav,4.06975,0.792156862745098,0.12114285714285714,0.46171428571428574,3.1942994041403034,262.27015608634383,201.75927888512086,70.55236331247062,7.507673793513075,1231.2840212873468,530.8431724245669,0.9052458116374187
laugh-bark_laughter_token,/home/ubuntu/DeepfakeDetectionRenewed/laughsmi/data/bark_probe/laughter_only/en_speaker_9_003.wav,3.3795625,0.41037735849056606,0.4,0.348,2.367170306807464,287.6982098372675,185.04031312514527,60.61370220391345,-3.4744773637120776,2448.1928592822665,808.3296532195317,0.8661560297504931
laugh-bark_laughter_token,/home/ubuntu/DeepfakeDetectionRenewed/laughsmi/data/bark_probe/laughter_only/en_speaker_6_017.wav,2.4145625,0.1390728476821192,2.08,0.336,0.414153702792949,100.03830337317773,23.111171073904273,6.946943292525905,-2.751386206512621,1528.8918314066523,715.3989811669505,0.35793562645857085
laugh-bark_laughter_token,/home/ubuntu/DeepfakeDetectionRenewed/laughsmi/data/laugh_bank_bark/fr_speaker_1_005.wav,2.55225,0.53125,0.17142857142857146,0.22666666666666666,4.701733764325596,307.92922679897475,212.9572181229577,54.21074008848721,1.1075939042307716,1841.8577881029846,434.8691326517069,0.4237827691776707
laugh-bark_laughter_token,/home/ubuntu/DeepfakeDetectionRenewed/laughsmi/data/laugh_bank_bark/en_speaker_0_002.wav,2.4795,0.05161290322580645,2.352,0.128,0.40330711837063926,265.40176430128423,18.14480852431086,5.816927262454798,-5.3862989854195575,2511.9813102210205,927.7490899308907,0.7268654135951873
laugh-bark_laughter_token,/home/ubuntu/DeepfakeDetectionRenewed/laughsmi/data/laugh_bank_bark/de_speaker_3_005.wav,6.086625,0.6456692913385826,0.36000000000000004,0.5622857142857143,1.9715359497258333,177.32593478879923,82.99830043511801,13.764702057832833,4.791457577980337,1531.5639260194137,556.9593358720161,0.8828548109712141
laugh-bark_laughter_token,/home/ubuntu/DeepfakeDetectionRenewed/laughsmi/data/laugh_bank_bark/en_speaker_9_005.wav,6.0600625,0.7889182058047494,0.64,4.784,0.33002959952970784,342.68217427389436,89.62405844320682,25.151016192013177,12.506719805579875,1274.5176735444263,718.6549520117346,1.499347233588816
laugh-bark_laughter_token,/home/ubuntu/DeepfakeDetectionRenewed/laughsmi/data/laugh_bank_bark/en_speaker_0_005.wav,2.9014375,0.7912087912087912,0.152,0.5760000000000001,2.412597203972169,163.5646945159636,108.14642619576051,23.48784092657724,4.257409708015436,1817.2039709873823,1540.6531691552973,0.44753110401387397
laugh-bark_laughter_token,/home/ubuntu/DeepfakeDetectionRenewed/laughsmi/data/bark_probe/laughter_only/en_speaker_9_014.wav,4.4840625,0.505338078291815,0.44480000000000003,0.5680000000000001,1.7840964527144747,215.796931980847,286.8419256200554,88.25317348159265,-3.862672247299866,2244.377324083364,796.9275959166011,0.9557933565453935
laugh-bark_laughter_token,/home/ubuntu/DeepfakeDetectionRenewed/laughsmi/data/laugh_bank_bark/de_speaker_3_004.wav,3.629375,0.6299559471365639,0.19200000000000003,0.3268571428571429,3.581883933184088,230.37704625492736,230.61681779481071,56.842936281421885,0.2876785781596247,1417.102517999779,594.0030682155267,0.8520064100860445
laugh-bark_laughter_token,/home/ubuntu/DeepfakeDetectionRenewed/laughsmi/data/bark_probe/laughter_only/en_speaker_6_019.wav,5.102625,0.6144200626959248,0.28114285714285714,0.5226666666666666,2.3517307268317778,149.09837548805712,157.02620835894388,38.76300403535636,1.9879874398184982,1353.261395875568,543.2576381125067,0.914827829571523
laugh-bark_laughter_token,/home/ubuntu/DeepfakeDetectionRenewed/laughsmi/data/bark_probe/laughter_only/en_speaker_6_016.wav,2.0943125,0.46564885496183206,0.27999999999999997,0.32533333333333336,2.8649019666358293,108.01550042410796,104.15211143553474,30.788949146217835,0.26156977455987707,1359.3985274947336,554.2014568387535,0.7225767771408922
laugh-bark_laughter_token,/home/ubuntu/DeepfakeDetectionRenewed/laughsmi/data/laugh_bank_bark/en_speaker_1_003.wav,7.425625,0.6258064516129033,2.784,2.3280000000000003,0.2693375978452992,334.60474071851314,62.75225980891304,12.045531100615474,3.290938198560392,1895.0288210989972,153.945123234203,1.8325469446836273
laugh-bark_laughter_token,/home/ubuntu/DeepfakeDetectionRenewed/laughsmi/data/laugh_bank_bark/en_speaker_3_004.wav,3.7458125,0.3446808510638298,0.4928,0.2592,2.4026829960122136,180.24419161919536,411.45180973067545,123.85559260451333,1.820578846480966,1255.3214089498144,553.8964456191661,0.7992817250214778
laugh-bark_laughter_token,/home/ubuntu/DeepfakeDetectionRenewed/laughsmi/data/laugh_bank_bark/en_speaker_1_005.wav,14.341375,0.9420289855072463,0.11885714285714286,1.9314285714285717,0.9064681733794703,378.1905939246143,226.65495889969702,40.61665801446585,13.367612766895093,974.2278973428497,524.2780777567998,1.4883690130731257
laugh-bark_laughter_token,/home/ubuntu/DeepfakeDetectionRenewed/laughsmi/data/laugh_bank_bark/en_speaker_9_000.wav,2.1608125,0.5220588235294118,0.26,0.37866666666666665,2.776733288982732,225.14857973965775,90.08453537823667,24.74201512917535,1.368902185562819,2256.7534860937712,1439.0531480403345,0.5819037421117053
laugh-bark_laughter_token,/home/ubuntu/DeepfakeDetectionRenewed/laughsmi/data/laugh_bank_bark/en_speaker_3_000.wav,2.9728125,0.6505376344086021,0.20800000000000002,0.32266666666666666,3.3638179333543574,182.37697151912147,428.39025220928943,149.70471931474256,4.013034157591172,976.3356916469467,370.15957454490115,0.9013264210512528
laugh-parler_tts,/home/ubuntu/DeepfakeDetectionRenewed/laughsmi/data/laugh_oss/parler_tts/parler_018.wav,3.69325,0.70995670995671,0.09745454545454546,0.2624,5.415284640898937,296.8656399313699,197.1027997992005,46.79797605858269,7.689108984928302,1386.863830544532,829.6141512349482,0.4734357184671687
laugh-parler_tts,/home/ubuntu/DeepfakeDetectionRenewed/laughsmi/data/laugh_oss/parler_tts/parler_006.wav,3.4381875,0.6790697674418604,0.36800000000000005,1.168,1.1634036828997836,221.91617607841735,165.6412807292735,41.33000355967865,4.618780592555181,1379.9298113152272,512.6993645488767,0.25831314234774994
laugh-parler_tts,/home/ubuntu/DeepfakeDetectionRenewed/laughsmi/data/laugh_oss/parler_tts/parler_024.wav,2.103,0.06060606060606061,0.9920000000000001,0.128,0.951022349025202,217.728763929095,7.496765784554583,2.8301895930643584,-1.1836830822181996,1986.8902085212585,717.9567972007447,0.31918254910378435
laugh-parler_tts,/home/ubuntu/DeepfakeDetectionRenewed/laughsmi/data/laugh_oss/parler_tts/parler_021.wav,3.165875,0.0,3.168,,0.0,,,,-1.5342224533303899,2114.818857508577,750.9414641262086,0.4188098144326508
laugh-parler_tts,/home/ubuntu/DeepfakeDetectionRenewed/laughsmi/data/laugh_oss/parler_tts/parler_005.wav,2.165125,0.49264705882352944,0.18399999999999997,0.2144,4.6186709774262455,277.2823759181586,260.10415097442075,73.5071046990465,3.922573435549835,1477.471476296851,497.57461999340694,0.31075507248277007
laugh-parler_tts,/home/ubuntu/DeepfakeDetectionRenewed/laughsmi/data/laugh_oss/parler_tts/parler_000.wav,2.70675,0.8,0.068,0.3108571428571429,5.172254548813152,257.17021549884936,331.0776382220251,114.97657272433132,4.907523959583953,1589.9982679059497,551.7209321859339,0.7925829365729548
laugh-parler_tts,/home/ubuntu/DeepfakeDetectionRenewed/laughsmi/data/laugh_oss/parler_tts/parler_001.wav,2.6476875,0.5783132530120482,0.18666666666666668,0.30720000000000003,3.7768807685952366,211.007336564844,122.45519244177993,30.423511421785232,2.623835444565357,1500.3345454404487,437.96085782378617,0.44782552661853486
laugh-parler_tts,/home/ubuntu/DeepfakeDetectionRenewed/laughsmi/data/laugh_oss/parler_tts/parler_020.wav,2.7531875,0.6589595375722543,0.1888,0.456,2.905722912079181,308.62672451764803,138.5305607740426,38.079060384879035,8.425136771068242,1542.0318197836707,705.0944975147149,0.5387654132902084
laugh-parler_tts,/home/ubuntu/DeepfakeDetectionRenewed/laughsmi/data/laugh_oss/parler_tts/parler_004.wav,2.2655,0.7535211267605634,0.09333333333333334,0.3424,4.4140366365040835,264.1582548945445,320.00898399150526,67.63586675380797,8.917839833192064,1435.4553694926542,525.1142740581954,0.6971026680235066
laugh-parler_tts,/home/ubuntu/DeepfakeDetectionRenewed/laughsmi/data/laugh_oss/parler_tts/parler_013.wav,3.277875,0.36585365853658536,0.41600000000000004,0.24,2.745681272165656,430.3549273683118,369.6986087805368,127.54989686830588,-0.012555221099674004,1766.6475099525976,495.2817804489992,0.8141469415134461
laugh-parler_tts,/home/ubuntu/DeepfakeDetectionRenewed/laughsmi/data/laugh_oss/parler_tts/parler_003.wav,3.9128125,0.6408163265306123,0.1408,0.2283636363636364,5.111412826451562,405.2079031136274,207.72498993576522,76.53860780964838,6.942609658608445,1247.1142962908964,911.3048235856317,0.8459292675878525
laugh-parler_tts,/home/ubuntu/DeepfakeDetectionRenewed/laughsmi/data/laugh_oss/parler_tts/parler_010.wav,4.2624375,0.24719101123595505,0.536,0.2112,2.3460754556518424,272.6241407150563,309.3177069805231,103.80134222104736,0.5939425418795405,1648.4432105656697,858.8580481988578,0.7569779569143033
laugh-parler_tts,/home/ubuntu/DeepfakeDetectionRenewed/laughsmi/data/laugh_oss/parler_tts/parler_029.wav,2.36475,0.722972972972973,0.164,0.3424,3.3830214610423934,234.06548677234312,348.51461435812536,93.96914092791835,7.1161062751443005,1334.9839544827198,337.3727793009178,0.5070152556867102
laugh-parler_tts,/home/ubuntu/DeepfakeDetectionRenewed/laughsmi/data/laugh_oss/parler_tts/parler_016.wav,2.7996875,0.5828571428571429,0.14600000000000002,0.23314285714285712,5.000558098002009,236.66072692104217,158.14403413628355,34.54641563781409,4.147203210940111,1459.1512444104421,485.0264329367843,0.5845003178187437
laugh-parler_tts,/home/ubuntu/DeepfakeDetectionRenewed/laughsmi/data/laugh_oss/parler_tts/parler_026.wav,4.5410625,0.5070422535211268,0.32,0.38399999999999995,2.6425533671910486,143.7913199800566,84.25085382321754,19.95414320614385,2.1275783301134674,1314.6506759438496,707.4818487944577,0.6159275472722514
laugh-parler_tts,/home/ubuntu/DeepfakeDetectionRenewed/laughsmi/data/laugh_oss/parler_tts/parler_028.wav,2.509375,0.7261146496815286,0.1376,0.45599999999999996,3.1880448318804486,263.99247599928924,361.1635095920343,136.70052744927077,6.582563948836415,1165.055035534255,598.031992606694,0.5702998878390789
laugh-parler_tts,/home/ubuntu/DeepfakeDetectionRenewed/laughsmi/data/laugh_oss/parler_tts/parler_019.wav,4.5978125,0.5277777777777778,0.24177777777777779,0.2702222222222222,3.6974104533405834,316.42114201073326,343.2835848448393,101.28574954858188,4.612049119093478,1522.5896190078072,855.5616223088008,0.5068037845671393
laugh-parler_tts,/home/ubuntu/DeepfakeDetectionRenewed/laughsmi/data/laugh_oss/parler_tts/parler_027.wav,4.5875,0.5505226480836237,0.2064,0.2528,4.141689373297003,337.5753508885315,380.4969823586014,111.16192453585872,3.3867086240828694,1379.426821793326,634.2683889143474,0.7294634912254783
laugh-parler_tts,/home/ubuntu/DeepfakeDetectionRenewed/laughsmi/data/laugh_oss/parler_tts/parler_022.wav,3.7515625,0.7191489361702128,0.15085714285714286,0.3862857142857143,3.465222823823407,268.2767665100105,361.96203061706285,86.39936724153237,6.555943424821816,1166.7404076393432,518.5246944403169,0.5721858891973876
laugh-parler_tts,/home/ubuntu/DeepfakeDetectionRenewed/laughsmi/data/laugh_oss/parler_tts/parler_009.wav,3.753375,0.10638297872340426,1.12,0.19999999999999998,1.0657075298897658,495.93890964787926,19.805833216707015,6.5677302071218975,-1.0160201657824486,1459.460261333395,367.12507447468863,0.8830352273799117
laugh-real,/home/ubuntu/DeepfakeDetectionRenewed/laughsmi/data/vocalsound/audio_16k_raw/subset1/f0597_0_laughter.wav,3.424,0.3674418604651163,0.43520000000000003,0.2528,2.628504672897196,353.35888275811817,180.4011634992337,60.08633327088753,1.1098079347396606,2013.3866666107451,439.6085888727323,0.2829154852428186
laugh-real,/home/ubuntu/DeepfakeDetectionRenewed/laughsmi/data/vocalsound/audio_16k_raw/subset3/m0795_0_laughter.wav,3.4475625,0.1574074074074074,1.456,0.544,0.5801200123275503,132.00396963336044,26.040421640470925,7.009622183368306,-4.7357516934937145,2069.314602158327,581.946974568419,0.3653229098879113
laugh-real,/home/ubuntu/DeepfakeDetectionRenewed/laughsmi/data/vocalsound/audio_16k_raw/subset4/m1824_0_laughter.wav,3.579,0.26785714285714285,0.29155555555555557,0.12,4.470522492316289,182.82211258079025,46.73114609571152,9.530180246140715,0.27959969251980343,1783.1260021103315,771.4773689560946,0.6078996100853127
laugh-real,/home/ubuntu/DeepfakeDetectionRenewed/laughsmi/data/vocalsound/audio_16k_raw/subset3/m1065_0_laughter.wav,3.0443125,0.21465968586387435,1.2000000000000002,0.21866666666666668,1.31392555790511,127.11256783929167,130.48812623618394,56.070672890040825,-2.4012521894623466,1372.5517692075434,172.00838773188454,0.662275971316998
laugh-real,/home/ubuntu/DeepfakeDetectionRenewed/laughsmi/data/vocalsound/audio_16k_raw/subset2/f2625_0_laughter.wav,4.76225,0.37583892617449666,0.2976,0.1792,3.989710745970917,356.98294356166247,288.4460235536314,82.19537878895916,-0.5885584056916511,2234.4148199043657,880.4863037434957,0.792668544206134
laugh-real,/home/ubuntu/DeepfakeDetectionRenewed/laughsmi/data/vocalsound/audio_16k_raw/subset5/m2570_0_laughter.wav,2.4745,0.16129032258064516,1.04,0.4,0.808244089715094,121.67349525875744,32.427535679852966,7.223315438861904,-2.918183768225582,1329.156780106058,454.0401475065492,0.49511793949176935
laugh-real,/home/ubuntu/DeepfakeDetectionRenewed/laughsmi/data/vocalsound/audio_16k_raw/subset4/m2387_0_laughter.wav,4.634,0.15172413793103448,1.312,0.35200000000000004,0.8631851532153646,287.1146956095671,250.95589277060677,56.12080313373944,-1.6424639043344478,1508.7092128560128,523.6017291765086,0.6264463144393038
laugh-real,/home/ubuntu/DeepfakeDetectionRenewed/laughsmi/data/vocalsound/audio_16k_raw/subset2/f1904_0_laughter.wav,2.1304375,0.05970149253731343,1.008,0.128,0.9387743127878663,60.48094662952501,1.4024335198065003,0.5519326579705298,-8.302656670960598,2870.3086216506554,659.242659711535,0.6602252889520491
laugh-real,/home/ubuntu/DeepfakeDetectionRenewed/laughsmi/data/vocalsound/audio_16k_raw/subset2/f2675_0_laughter.wav,2.9866875,0.0,2.992,,0.0,,,,-3.4890910085741575,1479.8240785852952,204.20964962412307,0.4761007838836905
laugh-real,/home/ubuntu/DeepfakeDetectionRenewed/laughsmi/data/vocalsound/audio_16k_raw/subset2/f2898_0_laughter.wav,2.2848125,0.11188811188811189,1.016,0.128,1.313018026643324,456.4428402036431,70.5259818271499,23.225752437191822,-4.058445779210284,1882.2852956531365,649.3348812926484,0.4186987461498239
laugh-real,/home/ubuntu/DeepfakeDetectionRenewed/laughsmi/data/vocalsound/audio_16k_raw/subset4/m1697_0_laughter.wav,4.028375,0.03571428571428571,1.944,0.144,0.49647810841840695,485.8988788521435,11.219468158451889,3.085026307098484,-3.4224865775877626,1478.0701117399,802.5282607139454,0.784315172311744
laugh-real,/home/ubuntu/DeepfakeDetectionRenewed/laughsmi/data/vocalsound/audio_16k_raw/subset2/f3094_0_laughter.wav,2.5399375,0.5974842767295597,0.3413333333333333,0.5066666666666667,1.9685523757966483,234.0914294123656,73.44699144534297,14.246905108575366,3.6478858485262826,2244.38286763404,1622.794415803003,0.6744339154972673
laugh-real,/home/ubuntu/DeepfakeDetectionRenewed/laughsmi/data/vocalsound/audio_16k_raw/subset1/f1216_0_laughter.wav,3.4185,0.3598130841121495,0.4384,0.308,2.3402076934327924,282.73078475243545,197.64674540891062,55.52648315785407,-3.269778783507282,2564.7864591924395,657.8992338988512,0.8784104581078468
laugh-real,/home/ubuntu/DeepfakeDetectionRenewed/laughsmi/data/vocalsound/audio_16k_raw/subset5/m3250_0_laughter.wav,3.66875,0.1,1.104,0.184,1.090289608177172,61.99701329026203,10.532874377016526,3.3101453593554453,-3.496268958751102,2165.06802409726,775.1267567139929,0.4980430440777472
laugh-real,/home/ubuntu/DeepfakeDetectionRenewed/laughsmi/data/vocalsound/audio_16k_raw/subset1/f0271_0_laughter.wav,3.566375,0.5426008968609866,0.3264,0.484,2.2431740913392453,277.70388719699906,269.547662611012,64.86682634343416,0.7669640731535599,1849.4359442294908,728.3594625139996,0.43223983307682096
laugh-real,/home/ubuntu/DeepfakeDetectionRenewed/laughsmi/data/vocalsound/audio_16k_raw/subset5/m2536_1_laughter.wav,2.504,0.09554140127388536,1.136,0.24,0.7987220447284346,102.37413316811514,5.86322984524007,1.9377269813530185,-3.6506214741314755,1939.171569968813,790.9128620663132,0.5258470772332818
laugh-real,/home/ubuntu/DeepfakeDetectionRenewed/laughsmi/data/vocalsound/audio_16k_raw/subset2/f2926_1_laughter.wav,2.548125,0.14375,1.0959999999999999,0.368,0.7848908511160166,237.8338814088909,30.873614902160597,9.15581640227356,-3.107566516347851,2348.1963379554386,803.7902395746293,0.44971183383663965
laugh-real,/home/ubuntu/DeepfakeDetectionRenewed/laughsmi/data/vocalsound/audio_16k_raw/subset1/f1516_0_laughter.wav,3.3976875,0.4507042253521127,0.37439999999999996,0.384,2.3545426117028128,253.20881301984863,211.63085366506877,56.43219188323267,-1.2970026489999333,2274.2391800854843,752.0519844718015,0.5816994828576229
laugh-real,/home/ubuntu/DeepfakeDetectionRenewed/laughsmi/data/vocalsound/audio_16k_raw/subset1/f1023_0_laughter.wav,2.1876875,0.21897810218978103,0.42800000000000005,0.16,2.742622060966203,289.80701683422217,78.92884972411912,25.618097317194344,-0.7883230772266475,1781.0082379935047,440.97256076497735,0.3412275364208425
laugh-real,/home/ubuntu/DeepfakeDetectionRenewed/laughsmi/data/vocalsound/audio_16k_raw/subset2/f3213_0_laughter.wav,5.4365,0.37058823529411766,0.428,0.288,2.5751862411477973,330.69151565410203,339.6250507163029,84.620275919272,0.16884653774380398,1125.502528893617,307.70711983674926,0.3726436373213038
laugh-xtts,/home/ubuntu/DeepfakeDetectionRenewed/laughsmi/data/laugh_oss/xtts/xtts_laugh_025.wav,3.937,0.04048582995951417,3.792,0.16,0.25400050800101603,452.80749992306454,54.20179629456527,21.67854561748142,-5.051411648334305,2213.5035620918648,860.1733485210843,0.50650086502437
laugh-xtts,/home/ubuntu/DeepfakeDetectionRenewed/laughsmi/data/laugh_oss/xtts/xtts_laugh_015.wav,2.5375625,0.389937106918239,0.388,0.33066666666666666,2.3644737814339547,274.31272624827,64.8779139885136,16.093617536194294,-2.2266696671517257,2231.6978931816298,452.43664474330126,0.5261505243513427
laugh-xtts,/home/ubuntu/DeepfakeDetectionRenewed/laughsmi/data/laugh_oss/xtts/xtts_laugh_018.wav,2.194375,0.21739130434782608,0.576,0.16,2.2785531187695813,211.41883134022189,47.85236952342109,9.659603738966574,-1.4081692241387316,1241.0110359669843,424.60816895994014,0.3513434870785391
laugh-xtts,/home/ubuntu/DeepfakeDetectionRenewed/laughsmi/data/laugh_oss/xtts/xtts_laugh_030.wav,2.0849375,0.0,2.096,,0.0,,,,-4.566286397608384,2352.4488777754596,479.49838601199843,0.25464162087463926
laugh-xtts,/home/ubuntu/DeepfakeDetectionRenewed/laughsmi/data/laugh_oss/xtts/xtts_laugh_007.wav,2.6091875,0.2865853658536585,0.468,0.18799999999999997,2.6828275085634896,480.55447981347214,64.69958357121396,21.615084918907183,0.03336295883922609,2243.260366725856,688.3613015469131,0.2469405154755044
laugh-xtts,/home/ubuntu/DeepfakeDetectionRenewed/laughsmi/data/laugh_oss/xtts/xtts_laugh_016.wav,2.9056875,0.0,2.912,,0.0,,,,-4.8048715724071185,1994.2421243524136,598.0737908445924,0.27736884647762056
laugh-xtts,/home/ubuntu/DeepfakeDetectionRenewed/laughsmi/data/laugh_oss/xtts/xtts_laugh_009.wav,3.3954375,0.0,3.408,,0.0,,,,-5.3029963347121765,2334.6178278617544,826.9068125281524,0.4982267583960055
laugh-xtts,/home/ubuntu/DeepfakeDetectionRenewed/laughsmi/data/laugh_oss/xtts/xtts_laugh_011.wav,2.817875,0.1694915254237288,0.5880000000000001,0.16,2.1292640731047334,134.82341479614036,52.63529491319679,17.091678729515266,-2.617640829980725,1626.2622936886864,567.9657336764636,0.5319901395225317
laugh-xtts,/home/ubuntu/DeepfakeDetectionRenewed/laughsmi/data/laugh_oss/xtts/xtts_laugh_006.wav,3.873,0.12757201646090535,1.6960000000000002,0.496,0.5163955589981926,162.53863265310625,14.166473811806071,3.7525234779446937,-2.337373809086309,1659.337967708792,595.5864707065027,0.6170364198537663
laugh-xtts,/home/ubuntu/DeepfakeDetectionRenewed/laughsmi/data/laugh_oss/xtts/xtts_laugh_012.wav,7.766125,0.4547325102880658,0.53,0.442,1.9314651772924079,253.28435750402625,390.45023840214867,132.00688882397822,-4.991671047302088,2131.7777634206727,482.9558688058559,0.9819346715398999
laugh-xtts,/home/ubuntu/DeepfakeDetectionRenewed/laughsmi/data/laugh_oss/xtts/xtts_laugh_020.wav,2.919375,0.0,2.928,,0.0,,,,-6.060071903875985,2896.768659193959,603.6691508816832,0.2888467085858284
laugh-xtts,/home/ubuntu/DeepfakeDetectionRenewed/laughsmi/data/laugh_oss/xtts/xtts_laugh_022.wav,5.22625,0.382262996941896,0.8079999999999999,0.5,1.3393924898349676,294.7677718193239,176.35600208262386,42.40489474875992,-3.1845028394119645,1737.2596440191876,445.836845808928,0.8324374216267703
laugh-xtts,/home/ubuntu/DeepfakeDetectionRenewed/laughsmi/data/laugh_oss/xtts/xtts_laugh_017.wav,6.4261875,0.32338308457711445,0.7253333333333334,0.3466666666666667,1.711745883542925,346.50257116751453,294.46302705288247,88.99623057073444,-1.6449242441807401,2253.7780532173033,976.3176584775396,0.5565717886559011
laugh-xtts,/home/ubuntu/DeepfakeDetectionRenewed/laughsmi/data/laugh_oss/xtts/xtts_laugh_027.wav,4.2841875,0.25,1.072,0.35733333333333334,1.1670824397858404,297.8999597744093,266.63816733984163,78.22873215899756,-2.711209298678628,2167.4879905165394,1192.9336653717312,0.5132439203169349
laugh-xtts,/home/ubuntu/DeepfakeDetectionRenewed/laughsmi/data/laugh_oss/xtts/xtts_laugh_019.wav,3.2225625,0.019801980198019802,3.168,0.064,0.31031205756288666,499.805833216707,0.0,0.0,-3.7908230643817786,2285.161792165841,605.8799679956879,0.76142790640964
laugh-xtts,/home/ubuntu/DeepfakeDetectionRenewed/laughsmi/data/laugh_oss/xtts/xtts_laugh_001.wav,4.022125,0.0,4.032,,0.0,,,,-3.074278449521975,1474.883146282442,637.1189386789162,0.3958323961621039
laugh-xtts,/home/ubuntu/DeepfakeDetectionRenewed/laughsmi/data/laugh_oss/xtts/xtts_laugh_002.wav,3.4825,0.3853211009174312,1.072,0.448,1.148600143575018,342.34360405621464,140.5881218180852,35.139851681592354,-2.8945797509957107,1743.9751667907237,412.2376194318036,0.7021928431704885
laugh-xtts,/home/ubuntu/DeepfakeDetectionRenewed/laughsmi/data/laugh_oss/xtts/xtts_laugh_026.wav,3.5901875,0.0,3.6,,0.0,,,,-5.162833369795252,2145.0682898474424,550.0417210216225,0.3504726723705787
laugh-xtts,/home/ubuntu/DeepfakeDetectionRenewed/laughsmi/data/laugh_oss/xtts/xtts_laugh_004.wav,2.7278125,0.12280701754385964,1.2000000000000002,0.336,0.7331882231641653,293.348308544954,57.89276756287251,16.78809174892857,-5.817441511995218,3365.1483518589325,855.5479273133984,0.5984661779082019
laugh-xtts,/home/ubuntu/DeepfakeDetectionRenewed/laughsmi/data/laugh_oss/xtts/xtts_laugh_028.wav,3.790625,0.620253164556962,0.20571428571428574,0.336,3.4295136026380875,197.03781534020862,130.10290842593002,31.22331071967258,-0.13466390081868296,1621.8094383672578,1120.13916583453,0.6570812943657666
