group,file_path,start_s,end_s,pair_id,speaker,source,source_split
speech-asv-bona,laughsmi/data/asvspoof2019_bonafide_wavs/asv2019_train_00677_LA_0082.wav,0.4321,4.7046,0,LA_0082,ASVspoof2019_LA,train
laugh-vs,laughsmi/data/vocalsound/audio_16k_raw/subset4/m1735_0_laughter.wav,0.0,-1.0,0,m1735,VocalSound,
speech-asv-bona,laughsmi/data/asvspoof2019_bonafide_wavs/asv2019_validation_00112_LA_0106.wav,0.7987,6.6867,1,LA_0106,ASVspoof2019_LA,validation
laugh-vs,laughsmi/data/vocalsound/audio_16k_raw/subset1/f0593_0_laughter.wav,0.0,-1.0,1,f0593,VocalSound,
speech-asv-bona,laughsmi/data/asvspoof2019_bonafide_wavs/asv2019_test_01703_LA_0068.wav,0.416,6.304,2,LA_0068,ASVspoof2019_LA,test
laugh-vs,laughsmi/data/vocalsound/audio_16k_raw/subset4/m1569_0_laughter.wav,0.0,-1.0,2,m1569,VocalSound,
speech-asv-bona,laughsmi/data/asvspoof2019_bonafide_wavs/asv2019_test_00883_LA_0022.wav,0.2107,4.3067,3,LA_0022,ASVspoof2019_LA,test
laugh-vs,laughsmi/data/vocalsound/audio_16k_raw/subset1/f0081_0_laughter.wav,0.0,-1.0,3,f0081,VocalSound,
speech-asv-bona,laughsmi/data/asvspoof2019_bonafide_wavs/asv2019_test_00959_LA_0042.wav,0.6458,2.6085,4,LA_0042,ASVspoof2019_LA,test
laugh-vs,laughsmi/data/vocalsound/audio_16k_raw/subset2/f2535_1_laughter.wav,0.0,-1.0,4,f2535,VocalSound,
speech-asv-bona,laughsmi/data/asvspoof2019_bonafide_wavs/asv2019_test_01703_LA_0068.wav,3.9975,7.7127,5,LA_0068,ASVspoof2019_LA,test
laugh-vs,laughsmi/data/vocalsound/audio_16k_raw/subset4/m2477_0_laughter.wav,0.0,-1.0,5,m2477,VocalSound,
speech-asv-bona,laughsmi/data/asvspoof2019_bonafide_wavs/asv2019_test_00085_LA_0013.wav,0.2242,5.8562,6,LA_0013,ASVspoof2019_LA,test
laugh-vs,laughsmi/data/vocalsound/audio_16k_raw/subset1/m3348_0_laughter.wav,0.0,-1.0,6,m3348,VocalSound,
speech-asv-bona,laughsmi/data/asvspoof2019_bonafide_wavs/asv2019_test_01615_LA_0013.wav,0.0012,2.4759,7,LA_0013,ASVspoof2019_LA,test
laugh-vs,laughsmi/data/vocalsound/audio_16k_raw/subset2/f3247_0_laughter.wav,0.0,-1.0,7,f3247,VocalSound,
speech-asv-bona,laughsmi/data/asvspoof2019_bonafide_wavs/asv2019_train_00677_LA_0082.wav,0.0214,2.5814,8,LA_0082,ASVspoof2019_LA,train
laugh-vs,laughsmi/data/vocalsound/audio_16k_raw/subset2/f1930_0_laughter.wav,0.0,-1.0,8,f1930,VocalSound,
speech-asv-bona,laughsmi/data/asvspoof2019_bonafide_wavs/asv2019_test_00161_LA_0059.wav,0.0622,6.3769,9,LA_0059,ASVspoof2019_LA,test
laugh-vs,laughsmi/data/vocalsound/audio_16k_raw/subset4/m1895_0_laughter.wav,0.0,-1.0,9,m1895,VocalSound,
speech-asv-bona,laughsmi/data/asvspoof2019_bonafide_wavs/asv2019_validation_00297_LA_0107.wav,0.9022,3.2915,10,LA_0107,ASVspoof2019_LA,validation
laugh-vs,laughsmi/data/vocalsound/audio_16k_raw/subset5/m2647_0_laughter.wav,0.0,-1.0,10,m2647,VocalSound,
speech-asv-bona,laughsmi/data/asvspoof2019_bonafide_wavs/asv2019_test_01404_LA_0050.wav,0.1587,3.7427,11,LA_0050,ASVspoof2019_LA,test
laugh-vs,laughsmi/data/vocalsound/audio_16k_raw/subset4/m2311_0_laughter.wav,0.0,-1.0,11,m2311,VocalSound,
speech-asv-bona,laughsmi/data/asvspoof2019_bonafide_wavs/asv2019_train_00004_LA_0084.wav,0.6863,4.0299,12,LA_0084,ASVspoof2019_LA,train
laugh-vs,laughsmi/data/vocalsound/audio_16k_raw/subset2/f2949_0_laughter.wav,0.0,-1.0,12,f2949,VocalSound,
speech-asv-bona,laughsmi/data/asvspoof2019_bonafide_wavs/asv2019_validation_00112_LA_0106.wav,2.4011,6.3264,13,LA_0106,ASVspoof2019_LA,validation
laugh-vs,laughsmi/data/vocalsound/audio_16k_raw/subset2/f1801_0_laughter.wav,0.0,-1.0,13,f1801,VocalSound,
speech-asv-bona,laughsmi/data/asvspoof2019_bonafide_wavs/asv2019_test_01875_LA_0054.wav,0.1661,3.3234,14,LA_0054,ASVspoof2019_LA,test
laugh-vs,laughsmi/data/vocalsound/audio_16k_raw/subset3/m0688_0_laughter.wav,0.0,-1.0,14,m0688,VocalSound,
speech-asv-bona,laughsmi/data/asvspoof2019_bonafide_wavs/asv2019_train_00694_LA_0097.wav,0.102,3.8567,15,LA_0097,ASVspoof2019_LA,train
laugh-vs,laughsmi/data/vocalsound/audio_16k_raw/subset5/m2565_1_laughter.wav,0.0,-1.0,15,m2565,VocalSound,
speech-asv-bona,laughsmi/data/asvspoof2019_bonafide_wavs/asv2019_train_00523_LA_0082.wav,0.6856,3.3309,16,LA_0082,ASVspoof2019_LA,train
laugh-vs,laughsmi/data/vocalsound/audio_16k_raw/subset1/f0748_0_laughter.wav,0.0,-1.0,16,f0748,VocalSound,
speech-asv-bona,laughsmi/data/asvspoof2019_bonafide_wavs/asv2019_test_01011_LA_0042.wav,5.4727,8.7154,17,LA_0042,ASVspoof2019_LA,test
laugh-vs,laughsmi/data/vocalsound/audio_16k_raw/subset5/m2981_0_laughter.wav,0.0,-1.0,17,m2981,VocalSound,
speech-asv-bona,laughsmi/data/asvspoof2019_bonafide_wavs/asv2019_test_01397_LA_0008.wav,1.0639,2.7705,18,LA_0008,ASVspoof2019_LA,test
laugh-vs,laughsmi/data/vocalsound/audio_16k_raw/subset3/m0055_0_laughter.wav,0.0,-1.0,18,m0055,VocalSound,
speech-asv-bona,laughsmi/data/asvspoof2019_bonafide_wavs/asv2019_test_01172_LA_0043.wav,0.0675,2.3715,19,LA_0043,ASVspoof2019_LA,test
laugh-vs,laughsmi/data/vocalsound/audio_16k_raw/subset2/f1601_0_laughter.wav,0.0,-1.0,19,f1601,VocalSound,
speech-asv-bona,laughsmi/data/asvspoof2019_bonafide_wavs/asv2019_test_01011_LA_0042.wav,3.445,12.0637,20,LA_0042,ASVspoof2019_LA,test
laugh-vs,laughsmi/data/vocalsound/audio_16k_raw/subset3/m0470_0_laughter.wav,0.0,-1.0,20,m0470,VocalSound,
speech-asv-bona,laughsmi/data/asvspoof2019_bonafide_wavs/asv2019_test_01058_LA_0063.wav,2.7292,5.4227,21,LA_0063,ASVspoof2019_LA,test
laugh-vs,laughsmi/data/vocalsound/audio_16k_raw/subset3/m1181_0_laughter.wav,0.0,-1.0,21,m1181,VocalSound,
speech-asv-bona,laughsmi/data/asvspoof2019_bonafide_wavs/asv2019_test_01011_LA_0042.wav,0.2168,10.7128,22,LA_0042,ASVspoof2019_LA,test
laugh-vs,laughsmi/data/vocalsound/audio_16k_raw/subset1/f1500_0_laughter.wav,0.0,-1.0,22,f1500,VocalSound,
speech-asv-bona,laughsmi/data/asvspoof2019_bonafide_wavs/asv2019_validation_00088_LA_0102.wav,0.8022,5.6662,23,LA_0102,ASVspoof2019_LA,validation
laugh-vs,laughsmi/data/vocalsound/audio_16k_raw/subset2/f2738_1_laughter.wav,0.0,-1.0,23,f2738,VocalSound,
speech-asv-bona,laughsmi/data/asvspoof2019_bonafide_wavs/asv2019_test_00881_LA_0066.wav,1.3081,3.3561,24,LA_0066,ASVspoof2019_LA,test
laugh-vs,laughsmi/data/vocalsound/audio_16k_raw/subset3/m0834_0_laughter.wav,0.0,-1.0,24,m0834,VocalSound,
speech-asv-bona,laughsmi/data/asvspoof2019_bonafide_wavs/asv2019_test_01011_LA_0042.wav,1.0862,9.7902,25,LA_0042,ASVspoof2019_LA,test
laugh-vs,laughsmi/data/vocalsound/audio_16k_raw/subset3/m0562_1_laughter.wav,0.0,-1.0,25,m0562,VocalSound,
speech-asv-bona,laughsmi/data/asvspoof2019_bonafide_wavs/asv2019_test_00161_LA_0059.wav,0.1595,5.7062,26,LA_0059,ASVspoof2019_LA,test
laugh-vs,laughsmi/data/vocalsound/audio_16k_raw/subset1/f0458_0_laughter.wav,0.0,-1.0,26,f0458,VocalSound,
speech-asv-bona,laughsmi/data/asvspoof2019_bonafide_wavs/asv2019_train_00598_LA_0084.wav,0.3082,3.4655,27,LA_0084,ASVspoof2019_LA,train
laugh-vs,laughsmi/data/vocalsound/audio_16k_raw/subset3/m0050_0_laughter.wav,0.0,-1.0,27,m0050,VocalSound,
speech-asv-bona,laughsmi/data/asvspoof2019_bonafide_wavs/asv2019_test_01703_LA_0068.wav,0.9467,6.664,28,LA_0068,ASVspoof2019_LA,test
laugh-vs,laughsmi/data/vocalsound/audio_16k_raw/subset3/m0479_0_laughter.wav,0.0,-1.0,28,m0479,VocalSound,
speech-asv-bona,laughsmi/data/asvspoof2019_bonafide_wavs/asv2019_test_01226_LA_0027.wav,0.1502,3.6489,29,LA_0027,ASVspoof2019_LA,test
laugh-vs,laughsmi/data/vocalsound/audio_16k_raw/subset1/f0913_0_laughter.wav,0.0,-1.0,29,f0913,VocalSound,
speech-asv-bona,laughsmi/data/asvspoof2019_bonafide_wavs/asv2019_test_00991_LA_0011.wav,0.2706,3.8546,30,LA_0011,ASVspoof2019_LA,test
laugh-vs,laughsmi/data/vocalsound/audio_16k_raw/subset2/f2544_0_laughter.wav,0.0,-1.0,30,f2544,VocalSound,
speech-asv-bona,laughsmi/data/asvspoof2019_bonafide_wavs/asv2019_test_00798_LA_0017.wav,0.2098,3.3671,31,LA_0017,ASVspoof2019_LA,test
laugh-vs,laughsmi/data/vocalsound/audio_16k_raw/subset1/f1099_0_laughter.wav,0.0,-1.0,31,f1099,VocalSound,
speech-asv-bona,laughsmi/data/asvspoof2019_bonafide_wavs/asv2019_test_01011_LA_0042.wav,5.4351,11.2378,32,LA_0042,ASVspoof2019_LA,test
laugh-vs,laughsmi/data/vocalsound/audio_16k_raw/subset4/m1285_0_laughter.wav,0.0,-1.0,32,m1285,VocalSound,
speech-asv-bona,laughsmi/data/asvspoof2019_bonafide_wavs/asv2019_test_01420_LA_0037.wav,0.024,3.5227,33,LA_0037,ASVspoof2019_LA,test
laugh-vs,laughsmi/data/vocalsound/audio_16k_raw/subset1/f1189_0_laughter.wav,0.0,-1.0,33,f1189,VocalSound,
speech-asv-bona,laughsmi/data/asvspoof2019_bonafide_wavs/asv2019_test_00904_LA_0036.wav,0.0583,4.4957,34,LA_0036,ASVspoof2019_LA,test
laugh-vs,laughsmi/data/vocalsound/audio_16k_raw/subset2/f3042_0_laughter.wav,0.0,-1.0,34,f3042,VocalSound,
speech-asv-bona,laughsmi/data/asvspoof2019_bonafide_wavs/asv2019_train_00514_LA_0081.wav,0.3063,2.6283,35,LA_0081,ASVspoof2019_LA,train
laugh-vs,laughsmi/data/vocalsound/audio_16k_raw/subset1/f0779_0_laughter.wav,0.0,-1.0,35,f0779,VocalSound,
speech-asv-bona,laughsmi/data/asvspoof2019_bonafide_wavs/asv2019_train_00248_LA_0096.wav,0.0019,2.3059,36,LA_0096,ASVspoof2019_LA,train
laugh-vs,laughsmi/data/vocalsound/audio_16k_raw/subset5/m2538_0_laughter.wav,0.0,-1.0,36,m2538,VocalSound,
speech-asv-bona,laughsmi/data/asvspoof2019_bonafide_wavs/asv2019_test_01377_LA_0029.wav,0.1552,3.4832,37,LA_0029,ASVspoof2019_LA,test
laugh-vs,laughsmi/data/vocalsound/audio_16k_raw/subset2/f3126_0_laughter.wav,0.0,-1.0,37,f3126,VocalSound,
speech-asv-bona,laughsmi/data/asvspoof2019_bonafide_wavs/asv2019_test_00883_LA_0022.wav,1.2696,4.5976,38,LA_0022,ASVspoof2019_LA,test
laugh-vs,laughsmi/data/vocalsound/audio_16k_raw/subset2/f2292_0_laughter.wav,0.0,-1.0,38,f2292,VocalSound,
speech-asv-bona,laughsmi/data/asvspoof2019_bonafide_wavs/asv2019_test_00322_LA_0016.wav,0.0514,2.6114,39,LA_0016,ASVspoof2019_LA,test
laugh-vs,laughsmi/data/vocalsound/audio_16k_raw/subset4/m1229_0_laughter.wav,0.0,-1.0,39,m1229,VocalSound,
speech-asv-bona,laughsmi/data/asvspoof2019_bonafide_wavs/asv2019_test_01011_LA_0042.wav,0.6191,10.0911,40,LA_0042,ASVspoof2019_LA,test
laugh-vs,laughsmi/data/vocalsound/audio_16k_raw/subset2/f2027_0_laughter.wav,0.0,-1.0,40,f2027,VocalSound,
speech-asv-bona,laughsmi/data/asvspoof2019_bonafide_wavs/asv2019_test_01703_LA_0068.wav,0.1781,6.8654,41,LA_0068,ASVspoof2019_LA,test
laugh-vs,laughsmi/data/vocalsound/audio_16k_raw/subset1/f1387_0_laughter.wav,0.0,-1.0,41,f1387,VocalSound,
speech-asv-bona,laughsmi/data/asvspoof2019_bonafide_wavs/asv2019_test_00416_LA_0038.wav,0.495,5.7856,42,LA_0038,ASVspoof2019_LA,test
laugh-vs,laughsmi/data/vocalsound/audio_16k_raw/subset5/m3163_0_laughter.wav,0.0,-1.0,42,m3163,VocalSound,
speech-asv-bona,laughsmi/data/asvspoof2019_bonafide_wavs/asv2019_train_00646_LA_0090.wav,0.1704,5.0344,43,LA_0090,ASVspoof2019_LA,train
laugh-vs,laughsmi/data/vocalsound/audio_16k_raw/subset4/m2473_0_laughter.wav,0.0,-1.0,43,m2473,VocalSound,
speech-asv-bona,laughsmi/data/asvspoof2019_bonafide_wavs/asv2019_test_01875_LA_0054.wav,0.2065,3.8758,44,LA_0054,ASVspoof2019_LA,test
laugh-vs,laughsmi/data/vocalsound/audio_16k_raw/subset2/f2228_0_laughter.wav,0.0,-1.0,44,f2228,VocalSound,
speech-asv-bona,laughsmi/data/asvspoof2019_bonafide_wavs/asv2019_test_00086_LA_0051.wav,0.1015,4.0268,45,LA_0051,ASVspoof2019_LA,test
laugh-vs,laughsmi/data/vocalsound/audio_16k_raw/subset1/f1030_0_laughter.wav,0.0,-1.0,45,f1030,VocalSound,
speech-asv-bona,laughsmi/data/asvspoof2019_bonafide_wavs/asv2019_test_00200_LA_0037.wav,0.0865,3.2444,46,LA_0037,ASVspoof2019_LA,test
laugh-vs,laughsmi/data/vocalsound/audio_16k_raw/subset1/f1425_0_laughter.wav,0.0,-1.0,46,f1425,VocalSound,
speech-asv-bona,laughsmi/data/asvspoof2019_bonafide_wavs/asv2019_test_01119_LA_0040.wav,1.1927,3.9234,47,LA_0040,ASVspoof2019_LA,test
laugh-vs,laughsmi/data/vocalsound/audio_16k_raw/subset1/f1300_0_laughter.wav,0.0,-1.0,47,f1300,VocalSound,
speech-asv-bona,laughsmi/data/asvspoof2019_bonafide_wavs/asv2019_test_01132_LA_0001.wav,0.0464,4.8251,48,LA_0001,ASVspoof2019_LA,test
laugh-vs,laughsmi/data/vocalsound/audio_16k_raw/subset3/m0833_0_laughter.wav,0.0,-1.0,48,m0833,VocalSound,
speech-asv-bona,laughsmi/data/asvspoof2019_bonafide_wavs/asv2019_test_01801_LA_0012.wav,0.1108,4.8476,49,LA_0012,ASVspoof2019_LA,test
laugh-vs,laughsmi/data/vocalsound/audio_16k_raw/subset4/m2069_1_laughter.wav,0.0,-1.0,49,m2069,VocalSound,
speech-asv-bona,laughsmi/data/asvspoof2019_bonafide_wavs/asv2019_train_00523_LA_0082.wav,0.6486,4.1473,50,LA_0082,ASVspoof2019_LA,train
laugh-vs,laughsmi/data/vocalsound/audio_16k_raw/subset5/m3193_0_laughter.wav,0.0,-1.0,50,m3193,VocalSound,
speech-asv-bona,laughsmi/data/asvspoof2019_bonafide_wavs/asv2019_test_01703_LA_0068.wav,0.0874,7.0847,51,LA_0068,ASVspoof2019_LA,test
laugh-vs,laughsmi/data/vocalsound/audio_16k_raw/subset5/m2932_0_laughter.wav,0.0,-1.0,51,m2932,VocalSound,
speech-asv-bona,laughsmi/data/asvspoof2019_bonafide_wavs/asv2019_validation_00181_LA_0071.wav,0.2417,3.143,52,LA_0071,ASVspoof2019_LA,validation
laugh-vs,laughsmi/data/vocalsound/audio_16k_raw/subset1/f1078_0_laughter.wav,0.0,-1.0,52,f1078,VocalSound,
speech-asv-bona,laughsmi/data/asvspoof2019_bonafide_wavs/asv2019_test_00689_LA_0063.wav,1.7061,3.0714,53,LA_0063,ASVspoof2019_LA,test
laugh-vs,laughsmi/data/vocalsound/audio_16k_raw/subset2/f1949_2_laughter.wav,0.0,-1.0,53,f1949,VocalSound,
speech-asv-bona,laughsmi/data/asvspoof2019_bonafide_wavs/asv2019_test_01863_LA_0046.wav,0.5246,2.658,54,LA_0046,ASVspoof2019_LA,test
laugh-vs,laughsmi/data/vocalsound/audio_16k_raw/subset4/m2255_0_laughter.wav,0.0,-1.0,54,m2255,VocalSound,
speech-asv-bona,laughsmi/data/asvspoof2019_bonafide_wavs/asv2019_test_00161_LA_0059.wav,0.239,6.0417,55,LA_0059,ASVspoof2019_LA,test
laugh-vs,laughsmi/data/vocalsound/audio_16k_raw/subset3/m0501_0_laughter.wav,0.0,-1.0,55,m0501,VocalSound,
speech-asv-bona,laughsmi/data/asvspoof2019_bonafide_wavs/asv2019_train_00264_LA_0092.wav,0.1716,2.3049,56,LA_0092,ASVspoof2019_LA,train
laugh-vs,laughsmi/data/vocalsound/audio_16k_raw/subset2/f2199_0_laughter.wav,0.0,-1.0,56,f2199,VocalSound,
speech-asv-bona,laughsmi/data/asvspoof2019_bonafide_wavs/asv2019_test_01420_LA_0037.wav,0.504,3.32,57,LA_0037,ASVspoof2019_LA,test
laugh-vs,laughsmi/data/vocalsound/audio_16k_raw/subset5/m2652_0_laughter.wav,0.0,-1.0,57,m2652,VocalSound,
speech-asv-bona,laughsmi/data/asvspoof2019_bonafide_wavs/asv2019_test_01162_LA_0013.wav,0.9861,5.6794,58,LA_0013,ASVspoof2019_LA,test
laugh-vs,laughsmi/data/vocalsound/audio_16k_raw/subset1/f0387_0_laughter.wav,0.0,-1.0,58,f0387,VocalSound,
speech-asv-bona,laughsmi/data/asvspoof2019_bonafide_wavs/asv2019_test_00031_LA_0020.wav,0.5024,5.1957,59,LA_0020,ASVspoof2019_LA,test
laugh-vs,laughsmi/data/vocalsound/audio_16k_raw/subset1/f0807_0_laughter.wav,0.0,-1.0,59,f0807,VocalSound,
speech-asv-bona,laughsmi/data/asvspoof2019_bonafide_wavs/asv2019_test_01011_LA_0042.wav,0.1752,5.5512,60,LA_0042,ASVspoof2019_LA,test
laugh-vs,laughsmi/data/vocalsound/audio_16k_raw/subset3/m0601_1_laughter.wav,0.0,-1.0,60,m0601,VocalSound,
speech-asv-bona,laughsmi/data/asvspoof2019_bonafide_wavs/asv2019_validation_00017_LA_0072.wav,0.0639,4.0578,61,LA_0072,ASVspoof2019_LA,validation
laugh-vs,laughsmi/data/vocalsound/audio_16k_raw/subset2/f1701_0_laughter.wav,0.0,-1.0,61,f1701,VocalSound,
speech-asv-bona,laughsmi/data/asvspoof2019_bonafide_wavs/asv2019_test_01801_LA_0012.wav,0.2734,4.5401,62,LA_0012,ASVspoof2019_LA,test
laugh-vs,laughsmi/data/vocalsound/audio_16k_raw/subset4/m2412_0_laughter.wav,0.0,-1.0,62,m2412,VocalSound,
speech-asv-bona,laughsmi/data/asvspoof2019_bonafide_wavs/asv2019_test_00031_LA_0020.wav,3.0237,5.2423,63,LA_0020,ASVspoof2019_LA,test
laugh-vs,laughsmi/data/vocalsound/audio_16k_raw/subset4/m2276_0_laughter.wav,0.0,-1.0,63,m2276,VocalSound,
speech-asv-bona,laughsmi/data/asvspoof2019_bonafide_wavs/asv2019_test_01116_LA_0036.wav,0.1689,4.2649,64,LA_0036,ASVspoof2019_LA,test
laugh-vs,laughsmi/data/vocalsound/audio_16k_raw/subset5/m2913_0_laughter.wav,0.0,-1.0,64,m2913,VocalSound,
speech-asv-bona,laughsmi/data/asvspoof2019_bonafide_wavs/asv2019_train_00795_LA_0098.wav,0.9337,3.3485,65,LA_0098,ASVspoof2019_LA,train
laugh-vs,laughsmi/data/vocalsound/audio_16k_raw/subset5/m2667_0_laughter.wav,0.0,-1.0,65,m2667,VocalSound,
speech-asv-bona,laughsmi/data/asvspoof2019_bonafide_wavs/asv2019_validation_00015_LA_0102.wav,0.665,3.481,66,LA_0102,ASVspoof2019_LA,validation
laugh-vs,laughsmi/data/vocalsound/audio_16k_raw/subset1/f1045_0_laughter.wav,0.0,-1.0,66,f1045,VocalSound,
speech-asv-bona,laughsmi/data/asvspoof2019_bonafide_wavs/asv2019_test_01703_LA_0068.wav,0.0695,7.7495,67,LA_0068,ASVspoof2019_LA,test
laugh-vs,laughsmi/data/vocalsound/audio_16k_raw/subset1/f1368_0_laughter.wav,0.0,-1.0,67,f1368,VocalSound,
speech-asv-bona,laughsmi/data/asvspoof2019_bonafide_wavs/asv2019_test_00621_LA_0003.wav,0.9587,2.6654,68,LA_0003,ASVspoof2019_LA,test
laugh-vs,laughsmi/data/vocalsound/audio_16k_raw/subset5/m2903_0_laughter.wav,0.0,-1.0,68,m2903,VocalSound,
speech-asv-bona,laughsmi/data/asvspoof2019_bonafide_wavs/asv2019_train_00747_LA_0087.wav,0.8242,2.9575,69,LA_0087,ASVspoof2019_LA,train
laugh-vs,laughsmi/data/vocalsound/audio_16k_raw/subset1/f0630_0_laughter.wav,0.0,-1.0,69,f0630,VocalSound,
speech-asv-bona,laughsmi/data/asvspoof2019_bonafide_wavs/asv2019_test_01203_LA_0020.wav,1.2783,4.0943,70,LA_0020,ASVspoof2019_LA,test
laugh-vs,laughsmi/data/vocalsound/audio_16k_raw/subset1/f0237_0_laughter.wav,0.0,-1.0,70,f0237,VocalSound,
speech-asv-bona,laughsmi/data/asvspoof2019_bonafide_wavs/asv2019_train_00421_LA_0097.wav,0.0654,6.892,71,LA_0097,ASVspoof2019_LA,train
laugh-vs,laughsmi/data/vocalsound/audio_16k_raw/subset1/f1274_0_laughter.wav,0.0,-1.0,71,f1274,VocalSound,
speech-asv-bona,laughsmi/data/asvspoof2019_bonafide_wavs/asv2019_train_00421_LA_0097.wav,0.0,6.144,72,LA_0097,ASVspoof2019_LA,train
laugh-vs,laughsmi/data/vocalsound/audio_16k_raw/subset5/m2823_0_laughter.wav,0.0,-1.0,72,m2823,VocalSound,
speech-asv-bona,laughsmi/data/asvspoof2019_bonafide_wavs/asv2019_test_00829_LA_0027.wav,0.6195,3.9475,73,LA_0027,ASVspoof2019_LA,test
laugh-vs,laughsmi/data/vocalsound/audio_16k_raw/subset3/m0768_0_laughter.wav,0.0,-1.0,73,m0768,VocalSound,
speech-asv-bona,laughsmi/data/asvspoof2019_bonafide_wavs/asv2019_test_01404_LA_0050.wav,0.6997,4.2837,74,LA_0050,ASVspoof2019_LA,test
laugh-vs,laughsmi/data/vocalsound/audio_16k_raw/subset3/m0352_0_laughter.wav,0.0,-1.0,74,m0352,VocalSound,
speech-asv-bona,laughsmi/data/asvspoof2019_bonafide_wavs/asv2019_test_01011_LA_0042.wav,5.1132,10.1479,75,LA_0042,ASVspoof2019_LA,test
laugh-vs,laughsmi/data/vocalsound/audio_16k_raw/subset3/m0406_0_laughter.wav,0.0,-1.0,75,m0406,VocalSound,
speech-asv-bona,laughsmi/data/asvspoof2019_bonafide_wavs/asv2019_test_00031_LA_0020.wav,0.6994,4.454,76,LA_0020,ASVspoof2019_LA,test
laugh-vs,laughsmi/data/vocalsound/audio_16k_raw/subset1/f1032_0_laughter.wav,0.0,-1.0,76,f1032,VocalSound,
speech-asv-bona,laughsmi/data/asvspoof2019_bonafide_wavs/asv2019_validation_00287_LA_0107.wav,0.7497,3.907,77,LA_0107,ASVspoof2019_LA,validation
laugh-vs,laughsmi/data/vocalsound/audio_16k_raw/subset1/f0043_0_laughter.wav,0.0,-1.0,77,f0043,VocalSound,
speech-asv-bona,laughsmi/data/asvspoof2019_bonafide_wavs/asv2019_validation_00112_LA_0106.wav,0.2575,4.9508,78,LA_0106,ASVspoof2019_LA,validation
laugh-vs,laughsmi/data/vocalsound/audio_16k_raw/subset1/f0969_0_laughter.wav,0.0,-1.0,78,f0969,VocalSound,
speech-asv-bona,laughsmi/data/asvspoof2019_bonafide_wavs/asv2019_train_00751_LA_0098.wav,0.6109,3.1709,79,LA_0098,ASVspoof2019_LA,train
laugh-vs,laughsmi/data/vocalsound/audio_16k_raw/subset1/f0800_0_laughter.wav,0.0,-1.0,79,f0800,VocalSound,
speech-asv-bona,laughsmi/data/asvspoof2019_bonafide_wavs/asv2019_test_01126_LA_0044.wav,0.4773,4.6586,80,LA_0044,ASVspoof2019_LA,test
laugh-vs,laughsmi/data/vocalsound/audio_16k_raw/subset5/m3263_0_laughter.wav,0.0,-1.0,80,m3263,VocalSound,
speech-asv-bona,laughsmi/data/asvspoof2019_bonafide_wavs/asv2019_test_00085_LA_0013.wav,0.3016,5.6776,81,LA_0013,ASVspoof2019_LA,test
laugh-vs,laughsmi/data/vocalsound/audio_16k_raw/subset1/f1027_0_laughter.wav,0.0,-1.0,81,f1027,VocalSound,
speech-asv-bona,laughsmi/data/asvspoof2019_bonafide_wavs/asv2019_test_01011_LA_0042.wav,2.9478,8.6651,82,LA_0042,ASVspoof2019_LA,test
laugh-vs,laughsmi/data/vocalsound/audio_16k_raw/subset3/m0306_0_laughter.wav,0.0,-1.0,82,m0306,VocalSound,
speech-asv-bona,laughsmi/data/asvspoof2019_bonafide_wavs/asv2019_test_01011_LA_0042.wav,2.6646,11.1126,83,LA_0042,ASVspoof2019_LA,test
laugh-vs,laughsmi/data/vocalsound/audio_16k_raw/subset1/f0475_0_laughter.wav,0.0,-1.0,83,f0475,VocalSound,
speech-asv-bona,laughsmi/data/asvspoof2019_bonafide_wavs/asv2019_test_01377_LA_0029.wav,0.8799,3.5252,84,LA_0029,ASVspoof2019_LA,test
laugh-vs,laughsmi/data/vocalsound/audio_16k_raw/subset2/f2076_0_laughter.wav,0.0,-1.0,84,f2076,VocalSound,
speech-asv-bona,laughsmi/data/asvspoof2019_bonafide_wavs/asv2019_test_01355_LA_0051.wav,0.1502,2.9662,85,LA_0051,ASVspoof2019_LA,test
laugh-vs,laughsmi/data/vocalsound/audio_16k_raw/subset2/f1881_0_laughter.wav,0.0,-1.0,85,f1881,VocalSound,
speech-asv-bona,laughsmi/data/asvspoof2019_bonafide_wavs/asv2019_train_00572_LA_0086.wav,0.0137,3.3574,86,LA_0086,ASVspoof2019_LA,train
laugh-vs,laughsmi/data/vocalsound/audio_16k_raw/subset1/f1517_0_laughter.wav,0.0,-1.0,86,f1517,VocalSound,
speech-asv-bona,laughsmi/data/asvspoof2019_bonafide_wavs/asv2019_test_01703_LA_0068.wav,0.0054,7.7144,87,LA_0068,ASVspoof2019_LA,test
laugh-vs,laughsmi/data/vocalsound/audio_16k_raw/subset2/f1586_0_laughter.wav,0.0,-1.0,87,f1586,VocalSound,
speech-asv-bona,laughsmi/data/asvspoof2019_bonafide_wavs/asv2019_train_00523_LA_0082.wav,0.0572,4.1532,88,LA_0082,ASVspoof2019_LA,train
laugh-vs,laughsmi/data/vocalsound/audio_16k_raw/subset1/f0607_1_laughter.wav,0.0,-1.0,88,f0607,VocalSound,
speech-asv-bona,laughsmi/data/asvspoof2019_bonafide_wavs/asv2019_test_00883_LA_0022.wav,0.5996,4.6956,89,LA_0022,ASVspoof2019_LA,test
laugh-vs,laughsmi/data/vocalsound/audio_16k_raw/subset4/m2151_0_laughter.wav,0.0,-1.0,89,m2151,VocalSound,
speech-asv-bona,laughsmi/data/asvspoof2019_bonafide_wavs/asv2019_train_00421_LA_0097.wav,1.789,5.373,90,LA_0097,ASVspoof2019_LA,train
laugh-vs,laughsmi/data/vocalsound/audio_16k_raw/subset4/m1227_0_laughter.wav,0.0,-1.0,90,m1227,VocalSound,
speech-asv-bona,laughsmi/data/asvspoof2019_bonafide_wavs/asv2019_test_00113_LA_0041.wav,0.7553,3.3559,91,LA_0041,ASVspoof2019_LA,test
laugh-vs,laughsmi/data/vocalsound/audio_16k_raw/subset1/f0166_0_laughter.wav,0.0,-1.0,91,f0166,VocalSound,
speech-asv-bona,laughsmi/data/asvspoof2019_bonafide_wavs/asv2019_validation_00114_LA_0070.wav,2.3672,4.8419,92,LA_0070,ASVspoof2019_LA,validation
laugh-vs,laughsmi/data/vocalsound/audio_16k_raw/subset1/f1009_0_laughter.wav,0.0,-1.0,92,f1009,VocalSound,
speech-asv-bona,laughsmi/data/asvspoof2019_bonafide_wavs/asv2019_test_01126_LA_0044.wav,0.0771,4.3438,93,LA_0044,ASVspoof2019_LA,test
laugh-vs,laughsmi/data/vocalsound/audio_16k_raw/subset2/f1825_0_laughter.wav,0.0,-1.0,93,f1825,VocalSound,
speech-asv-bona,laughsmi/data/asvspoof2019_bonafide_wavs/asv2019_test_01778_LA_0039.wav,1.7003,2.9077,94,LA_0039,ASVspoof2019_LA,test
laugh-vs,laughsmi/data/vocalsound/audio_16k_raw/subset3/m0582_2_laughter.wav,0.0,-1.0,94,m0582,VocalSound,
speech-asv-bona,laughsmi/data/asvspoof2019_bonafide_wavs/asv2019_test_01082_LA_0061.wav,0.7521,3.3121,95,LA_0061,ASVspoof2019_LA,test
laugh-vs,laughsmi/data/vocalsound/audio_16k_raw/subset5/m2611_0_laughter.wav,0.0,-1.0,95,m2611,VocalSound,
speech-asv-bona,laughsmi/data/asvspoof2019_bonafide_wavs/asv2019_train_00354_LA_0092.wav,0.7873,1.982,96,LA_0092,ASVspoof2019_LA,train
laugh-vs,laughsmi/data/vocalsound/audio_16k_raw/subset4/m2008_0_laughter.wav,0.0,-1.0,96,m2008,VocalSound,
speech-asv-bona,laughsmi/data/asvspoof2019_bonafide_wavs/asv2019_test_01011_LA_0042.wav,0.3481,5.8948,97,LA_0042,ASVspoof2019_LA,test
laugh-vs,laughsmi/data/vocalsound/audio_16k_raw/subset3/f3334_0_laughter.wav,0.0,-1.0,97,f3334,VocalSound,
speech-asv-bona,laughsmi/data/asvspoof2019_bonafide_wavs/asv2019_test_00078_LA_0014.wav,0.1759,2.3122,98,LA_0014,ASVspoof2019_LA,test
laugh-vs,laughsmi/data/vocalsound/audio_16k_raw/subset3/m0270_0_laughter.wav,0.0,-1.0,98,m0270,VocalSound,
speech-asv-bona,laughsmi/data/asvspoof2019_bonafide_wavs/asv2019_test_00108_LA_0048.wav,0.0451,4.5678,99,LA_0048,ASVspoof2019_LA,test
laugh-vs,laughsmi/data/vocalsound/audio_16k_raw/subset3/m0662_0_laughter.wav,0.0,-1.0,99,m0662,VocalSound,
speech-asv-bona,laughsmi/data/asvspoof2019_bonafide_wavs/asv2019_test_01044_LA_0044.wav,0.982,3.4898,100,LA_0044,ASVspoof2019_LA,test
laugh-vs,laughsmi/data/vocalsound/audio_16k_raw/subset1/f1278_0_laughter.wav,0.0,-1.0,100,f1278,VocalSound,
speech-asv-bona,laughsmi/data/asvspoof2019_bonafide_wavs/asv2019_test_00877_LA_0026.wav,0.3719,3.5292,101,LA_0026,ASVspoof2019_LA,test
laugh-vs,laughsmi/data/vocalsound/audio_16k_raw/subset1/f0226_0_laughter.wav,0.0,-1.0,101,f0226,VocalSound,
speech-asv-bona,laughsmi/data/asvspoof2019_bonafide_wavs/asv2019_test_00375_LA_0024.wav,0.708,4.7018,102,LA_0024,ASVspoof2019_LA,test
laugh-vs,laughsmi/data/vocalsound/audio_16k_raw/subset3/f3327_0_laughter.wav,0.0,-1.0,102,f3327,VocalSound,
speech-asv-bona,laughsmi/data/asvspoof2019_bonafide_wavs/asv2019_train_00576_LA_0093.wav,0.1546,2.4586,103,LA_0093,ASVspoof2019_LA,train
laugh-vs,laughsmi/data/vocalsound/audio_16k_raw/subset5/m2922_0_laughter.wav,0.0,-1.0,103,m2922,VocalSound,
speech-asv-bona,laughsmi/data/asvspoof2019_bonafide_wavs/asv2019_test_01011_LA_0042.wav,4.8771,12.9838,104,LA_0042,ASVspoof2019_LA,test
laugh-vs,laughsmi/data/vocalsound/audio_16k_raw/subset1/f0629_0_laughter.wav,0.0,-1.0,104,f0629,VocalSound,
speech-asv-bona,laughsmi/data/asvspoof2019_bonafide_wavs/asv2019_test_00398_LA_0067.wav,0.4847,4.5807,105,LA_0067,ASVspoof2019_LA,test
laugh-vs,laughsmi/data/vocalsound/audio_16k_raw/subset2/f2779_0_laughter.wav,0.0,-1.0,105,f2779,VocalSound,
speech-asv-bona,laughsmi/data/asvspoof2019_bonafide_wavs/asv2019_train_00614_LA_0098.wav,0.2059,4.7286,106,LA_0098,ASVspoof2019_LA,train
laugh-vs,laughsmi/data/vocalsound/audio_16k_raw/subset3/f3361_0_laughter.wav,0.0,-1.0,106,f3361,VocalSound,
speech-asv-bona,laughsmi/data/asvspoof2019_bonafide_wavs/asv2019_test_01053_LA_0015.wav,0.0593,4.4247,107,LA_0015,ASVspoof2019_LA,test
laugh-vs,laughsmi/data/vocalsound/audio_16k_raw/subset4/m3279_0_laughter.wav,0.0,-1.0,107,m3279,VocalSound,
speech-asv-bona,laughsmi/data/asvspoof2019_bonafide_wavs/asv2019_test_00108_LA_0048.wav,0.2827,4.1227,108,LA_0048,ASVspoof2019_LA,test
laugh-vs,laughsmi/data/vocalsound/audio_16k_raw/subset5/m3083_0_laughter.wav,0.0,-1.0,108,m3083,VocalSound,
speech-asv-bona,laughsmi/data/asvspoof2019_bonafide_wavs/asv2019_validation_00112_LA_0106.wav,0.7213,6.4386,109,LA_0106,ASVspoof2019_LA,validation
laugh-vs,laughsmi/data/vocalsound/audio_16k_raw/subset2/f2436_0_laughter.wav,0.0,-1.0,109,f2436,VocalSound,
speech-asv-bona,laughsmi/data/asvspoof2019_bonafide_wavs/asv2019_train_00403_LA_0094.wav,0.0174,3.0894,110,LA_0094,ASVspoof2019_LA,train
laugh-vs,laughsmi/data/vocalsound/audio_16k_raw/subset1/f0822_0_laughter.wav,0.0,-1.0,110,f0822,VocalSound,
speech-asv-bona,laughsmi/data/asvspoof2019_bonafide_wavs/asv2019_test_01237_LA_0064.wav,0.0602,2.7909,111,LA_0064,ASVspoof2019_LA,test
laugh-vs,laughsmi/data/vocalsound/audio_16k_raw/subset4/m1348_0_laughter.wav,0.0,-1.0,111,m1348,VocalSound,
speech-asv-bona,laughsmi/data/asvspoof2019_bonafide_wavs/asv2019_test_01082_LA_0061.wav,0.5786,3.4799,112,LA_0061,ASVspoof2019_LA,test
laugh-vs,laughsmi/data/vocalsound/audio_16k_raw/subset2/f1645_0_laughter.wav,0.0,-1.0,112,f1645,VocalSound,
speech-asv-bona,laughsmi/data/asvspoof2019_bonafide_wavs/asv2019_validation_00019_LA_0074.wav,0.4352,4.6165,113,LA_0074,ASVspoof2019_LA,validation
laugh-vs,laughsmi/data/vocalsound/audio_16k_raw/subset5/m3170_0_laughter.wav,0.0,-1.0,113,m3170,VocalSound,
speech-asv-bona,laughsmi/data/asvspoof2019_bonafide_wavs/asv2019_validation_00015_LA_0102.wav,0.066,3.8207,114,LA_0102,ASVspoof2019_LA,validation
laugh-vs,laughsmi/data/vocalsound/audio_16k_raw/subset5/m2826_0_laughter.wav,0.0,-1.0,114,m2826,VocalSound,
speech-asv-bona,laughsmi/data/asvspoof2019_bonafide_wavs/asv2019_train_00025_LA_0086.wav,0.0769,2.2956,115,LA_0086,ASVspoof2019_LA,train
laugh-vs,laughsmi/data/vocalsound/audio_16k_raw/subset5/m3199_0_laughter.wav,0.0,-1.0,115,m3199,VocalSound,
speech-asv-bona,laughsmi/data/asvspoof2019_bonafide_wavs/asv2019_test_01202_LA_0024.wav,0.1058,4.1165,116,LA_0024,ASVspoof2019_LA,test
laugh-vs,laughsmi/data/vocalsound/audio_16k_raw/subset5/m2741_0_laughter.wav,0.0,-1.0,116,m2741,VocalSound,
speech-asv-bona,laughsmi/data/asvspoof2019_bonafide_wavs/asv2019_train_00780_LA_0097.wav,0.8548,6.2418,117,LA_0097,ASVspoof2019_LA,train
laugh-vs,laughsmi/data/vocalsound/audio_16k_raw/subset1/f0859_0_laughter.wav,0.0,-1.0,117,f0859,VocalSound,
speech-asv-bona,laughsmi/data/asvspoof2019_bonafide_wavs/asv2019_test_01126_LA_0044.wav,0.0253,4.7186,118,LA_0044,ASVspoof2019_LA,test
laugh-vs,laughsmi/data/vocalsound/audio_16k_raw/subset2/f2331_0_laughter.wav,0.0,-1.0,118,f2331,VocalSound,
speech-asv-bona,laughsmi/data/asvspoof2019_bonafide_wavs/asv2019_train_00582_LA_0091.wav,1.004,4.5027,119,LA_0091,ASVspoof2019_LA,train
laugh-vs,laughsmi/data/vocalsound/audio_16k_raw/subset3/m0024_0_laughter.wav,0.0,-1.0,119,m0024,VocalSound,
speech-asv-bona,laughsmi/data/asvspoof2019_bonafide_wavs/asv2019_test_00375_LA_0024.wav,0.0381,4.6461,120,LA_0024,ASVspoof2019_LA,test
laugh-vs,laughsmi/data/vocalsound/audio_16k_raw/subset5/m3136_0_laughter.wav,0.0,-1.0,120,m3136,VocalSound,
speech-asv-bona,laughsmi/data/asvspoof2019_bonafide_wavs/asv2019_test_01011_LA_0042.wav,2.0095,10.2868,121,LA_0042,ASVspoof2019_LA,test
laugh-vs,laughsmi/data/vocalsound/audio_16k_raw/subset4/m1523_0_laughter.wav,0.0,-1.0,121,m1523,VocalSound,
speech-asv-bona,laughsmi/data/asvspoof2019_bonafide_wavs/asv2019_train_00614_LA_0098.wav,0.4828,4.6641,122,LA_0098,ASVspoof2019_LA,train
laugh-vs,laughsmi/data/vocalsound/audio_16k_raw/subset5/m2590_0_laughter.wav,0.0,-1.0,122,m2590,VocalSound,
speech-asv-bona,laughsmi/data/asvspoof2019_bonafide_wavs/asv2019_test_00845_LA_0032.wav,0.6377,4.5386,123,LA_0032,ASVspoof2019_LA,test
laugh-vs,laughsmi/data/vocalsound/audio_16k_raw/subset3/m0371_0_laughter.wav,0.0,-1.0,123,m0371,VocalSound,
speech-asv-bona,laughsmi/data/asvspoof2019_bonafide_wavs/asv2019_train_00478_LA_0093.wav,0.1886,3.4313,124,LA_0093,ASVspoof2019_LA,train
laugh-vs,laughsmi/data/vocalsound/audio_16k_raw/subset1/f0716_0_laughter.wav,0.0,-1.0,124,f0716,VocalSound,
speech-asv-bona,laughsmi/data/asvspoof2019_bonafide_wavs/asv2019_test_00416_LA_0038.wav,0.301,6.0596,125,LA_0038,ASVspoof2019_LA,test
laugh-vs,laughsmi/data/vocalsound/audio_16k_raw/subset4/m1781_0_laughter.wav,0.0,-1.0,125,m1781,VocalSound,
speech-asv-bona,laughsmi/data/asvspoof2019_bonafide_wavs/asv2019_test_01496_LA_0012.wav,0.1585,2.2019,126,LA_0012,ASVspoof2019_LA,test
laugh-vs,laughsmi/data/vocalsound/audio_16k_raw/subset2/f1691_0_laughter.wav,0.0,-1.0,126,f1691,VocalSound,
speech-asv-bona,laughsmi/data/asvspoof2019_bonafide_wavs/asv2019_test_01018_LA_0012.wav,0.1526,5.3579,127,LA_0012,ASVspoof2019_LA,test
laugh-vs,laughsmi/data/vocalsound/audio_16k_raw/subset5/m3072_0_laughter.wav,0.0,-1.0,127,m3072,VocalSound,
speech-asv-bona,laughsmi/data/asvspoof2019_bonafide_wavs/asv2019_test_00845_LA_0032.wav,0.08,5.8827,128,LA_0032,ASVspoof2019_LA,test
laugh-vs,laughsmi/data/vocalsound/audio_16k_raw/subset3/m0145_0_laughter.wav,0.0,-1.0,128,m0145,VocalSound,
speech-asv-bona,laughsmi/data/asvspoof2019_bonafide_wavs/asv2019_test_00142_LA_0011.wav,1.3246,4.3966,129,LA_0011,ASVspoof2019_LA,test
laugh-vs,laughsmi/data/vocalsound/audio_16k_raw/subset5/m2733_1_laughter.wav,0.0,-1.0,129,m2733,VocalSound,
speech-asv-bona,laughsmi/data/asvspoof2019_bonafide_wavs/asv2019_test_00829_LA_0027.wav,0.0452,5.3358,130,LA_0027,ASVspoof2019_LA,test
laugh-vs,laughsmi/data/vocalsound/audio_16k_raw/subset3/m1202_0_laughter.wav,0.0,-1.0,130,m1202,VocalSound,
speech-asv-bona,laughsmi/data/asvspoof2019_bonafide_wavs/asv2019_validation_00290_LA_0102.wav,0.979,3.3683,131,LA_0102,ASVspoof2019_LA,validation
laugh-vs,laughsmi/data/vocalsound/audio_16k_raw/subset1/f0975_0_laughter.wav,0.0,-1.0,131,f0975,VocalSound,
speech-asv-bona,laughsmi/data/asvspoof2019_bonafide_wavs/asv2019_test_01011_LA_0042.wav,0.9607,10.1767,132,LA_0042,ASVspoof2019_LA,test
laugh-vs,laughsmi/data/vocalsound/audio_16k_raw/subset3/m0985_0_laughter.wav,0.0,-1.0,132,m0985,VocalSound,
speech-asv-bona,laughsmi/data/asvspoof2019_bonafide_wavs/asv2019_test_01011_LA_0042.wav,0.2454,6.7307,133,LA_0042,ASVspoof2019_LA,test
laugh-vs,laughsmi/data/vocalsound/audio_16k_raw/subset1/f0638_0_laughter.wav,0.0,-1.0,133,f0638,VocalSound,
speech-asv-bona,laughsmi/data/asvspoof2019_bonafide_wavs/asv2019_test_01149_LA_0024.wav,1.1152,3.3339,134,LA_0024,ASVspoof2019_LA,test
laugh-vs,laughsmi/data/vocalsound/audio_16k_raw/subset4/m2460_0_laughter.wav,0.0,-1.0,134,m2460,VocalSound,
speech-asv-bona,laughsmi/data/asvspoof2019_bonafide_wavs/asv2019_train_00646_LA_0090.wav,0.0956,4.8743,135,LA_0090,ASVspoof2019_LA,train
laugh-vs,laughsmi/data/vocalsound/audio_16k_raw/subset3/m0102_0_laughter.wav,0.0,-1.0,135,m0102,VocalSound,
speech-asv-bona,laughsmi/data/asvspoof2019_bonafide_wavs/asv2019_validation_00211_LA_0075.wav,0.0446,4.1406,136,LA_0075,ASVspoof2019_LA,validation
laugh-vs,laughsmi/data/vocalsound/audio_16k_raw/subset1/f0118_0_laughter.wav,0.0,-1.0,136,f0118,VocalSound,
speech-asv-bona,laughsmi/data/asvspoof2019_bonafide_wavs/asv2019_test_01182_LA_0012.wav,0.3335,2.3815,137,LA_0012,ASVspoof2019_LA,test
laugh-vs,laughsmi/data/vocalsound/audio_16k_raw/subset4/m1923_0_laughter.wav,0.0,-1.0,137,m1923,VocalSound,
speech-asv-bona,laughsmi/data/asvspoof2019_bonafide_wavs/asv2019_train_00747_LA_0087.wav,0.2626,2.5666,138,LA_0087,ASVspoof2019_LA,train
laugh-vs,laughsmi/data/vocalsound/audio_16k_raw/subset4/m2229_0_laughter.wav,0.0,-1.0,138,m2229,VocalSound,
speech-asv-bona,laughsmi/data/asvspoof2019_bonafide_wavs/asv2019_test_00845_LA_0032.wav,0.2171,5.6784,139,LA_0032,ASVspoof2019_LA,test
laugh-vs,laughsmi/data/vocalsound/audio_16k_raw/subset3/m0540_0_laughter.wav,0.0,-1.0,139,m0540,VocalSound,
speech-asv-bona,laughsmi/data/asvspoof2019_bonafide_wavs/asv2019_test_01703_LA_0068.wav,0.7346,7.476,140,LA_0068,ASVspoof2019_LA,test
laugh-vs,laughsmi/data/vocalsound/audio_16k_raw/subset4/m1919_0_laughter.wav,0.0,-1.0,140,m1919,VocalSound,
speech-asv-bona,laughsmi/data/asvspoof2019_bonafide_wavs/asv2019_test_01011_LA_0042.wav,1.8935,7.6108,141,LA_0042,ASVspoof2019_LA,test
laugh-vs,laughsmi/data/vocalsound/audio_16k_raw/subset1/f0597_3_laughter.wav,0.0,-1.0,141,f0597,VocalSound,
speech-asv-bona,laughsmi/data/asvspoof2019_bonafide_wavs/asv2019_test_00416_LA_0038.wav,0.9746,5.7533,142,LA_0038,ASVspoof2019_LA,test
laugh-vs,laughsmi/data/vocalsound/audio_16k_raw/subset5/m3233_0_laughter.wav,0.0,-1.0,142,m3233,VocalSound,
speech-asv-bona,laughsmi/data/asvspoof2019_bonafide_wavs/asv2019_train_00523_LA_0082.wav,0.1056,4.1923,143,LA_0082,ASVspoof2019_LA,train
laugh-vs,laughsmi/data/vocalsound/audio_16k_raw/subset4/m2417_0_laughter.wav,0.0,-1.0,143,m2417,VocalSound,
speech-asv-bona,laughsmi/data/asvspoof2019_bonafide_wavs/asv2019_validation_00112_LA_0106.wav,0.2172,5.7639,144,LA_0106,ASVspoof2019_LA,validation
laugh-vs,laughsmi/data/vocalsound/audio_16k_raw/subset2/f1782_0_laughter.wav,0.0,-1.0,144,f1782,VocalSound,
speech-asv-bona,laughsmi/data/asvspoof2019_bonafide_wavs/asv2019_train_00471_LA_0079.wav,0.2159,3.2026,145,LA_0079,ASVspoof2019_LA,train
laugh-vs,laughsmi/data/vocalsound/audio_16k_raw/subset1/f0732_0_laughter.wav,0.0,-1.0,145,f0732,VocalSound,
speech-asv-bona,laughsmi/data/asvspoof2019_bonafide_wavs/asv2019_test_01011_LA_0042.wav,3.6977,12.4017,146,LA_0042,ASVspoof2019_LA,test
laugh-vs,laughsmi/data/vocalsound/audio_16k_raw/subset4/m2174_0_laughter.wav,0.0,-1.0,146,m2174,VocalSound,
speech-asv-bona,laughsmi/data/asvspoof2019_bonafide_wavs/asv2019_test_01202_LA_0024.wav,0.4098,3.9938,147,LA_0024,ASVspoof2019_LA,test
laugh-vs,laughsmi/data/vocalsound/audio_16k_raw/subset4/m2284_0_laughter.wav,0.0,-1.0,147,m2284,VocalSound,
speech-asv-bona,laughsmi/data/asvspoof2019_bonafide_wavs/asv2019_test_01703_LA_0068.wav,3.1491,7.4158,148,LA_0068,ASVspoof2019_LA,test
laugh-vs,laughsmi/data/vocalsound/audio_16k_raw/subset2/f3107_0_laughter.wav,0.0,-1.0,148,f3107,VocalSound,
speech-asv-bona,laughsmi/data/asvspoof2019_bonafide_wavs/asv2019_test_00731_LA_0006.wav,0.0694,5.1041,149,LA_0006,ASVspoof2019_LA,test
laugh-vs,laughsmi/data/vocalsound/audio_16k_raw/subset3/m1114_0_laughter.wav,0.0,-1.0,149,m1114,VocalSound,
speech-asv-bona,laughsmi/data/asvspoof2019_bonafide_wavs/asv2019_test_00689_LA_0063.wav,0.0213,3.008,150,LA_0063,ASVspoof2019_LA,test
laugh-vs,laughsmi/data/vocalsound/audio_16k_raw/subset3/m0763_0_laughter.wav,0.0,-1.0,150,m0763,VocalSound,
speech-asv-bona,laughsmi/data/asvspoof2019_bonafide_wavs/asv2019_test_00547_LA_0047.wav,0.0807,3.8354,151,LA_0047,ASVspoof2019_LA,test
laugh-vs,laughsmi/data/vocalsound/audio_16k_raw/subset2/f1660_0_laughter.wav,0.0,-1.0,151,f1660,VocalSound,
speech-asv-bona,laughsmi/data/asvspoof2019_bonafide_wavs/asv2019_train_00680_LA_0088.wav,0.4768,2.7059,152,LA_0088,ASVspoof2019_LA,train
laugh-vs,laughsmi/data/vocalsound/audio_16k_raw/subset5/m2600_0_laughter.wav,0.0,-1.0,152,m2600,VocalSound,
speech-asv-bona,laughsmi/data/asvspoof2019_bonafide_wavs/asv2019_test_01404_LA_0050.wav,0.0406,3.6246,153,LA_0050,ASVspoof2019_LA,test
laugh-vs,laughsmi/data/vocalsound/audio_16k_raw/subset4/m1667_0_laughter.wav,0.0,-1.0,153,m1667,VocalSound,
speech-asv-bona,laughsmi/data/asvspoof2019_bonafide_wavs/asv2019_validation_00019_LA_0074.wav,1.0114,3.4861,154,LA_0074,ASVspoof2019_LA,validation
laugh-vs,laughsmi/data/vocalsound/audio_16k_raw/subset3/m0150_0_laughter.wav,0.0,-1.0,154,m0150,VocalSound,
speech-asv-bona,laughsmi/data/asvspoof2019_bonafide_wavs/asv2019_train_00709_LA_0093.wav,0.3219,3.3939,155,LA_0093,ASVspoof2019_LA,train
laugh-vs,laughsmi/data/vocalsound/audio_16k_raw/subset2/f2170_0_laughter.wav,0.0,-1.0,155,f2170,VocalSound,
speech-asv-bona,laughsmi/data/asvspoof2019_bonafide_wavs/asv2019_train_00471_LA_0079.wav,0.1064,3.6358,156,LA_0079,ASVspoof2019_LA,train
laugh-vs,laughsmi/data/vocalsound/audio_16k_raw/subset4/m2489_0_laughter.wav,0.0,-1.0,156,m2489,VocalSound,
speech-asv-bona,laughsmi/data/asvspoof2019_bonafide_wavs/asv2019_test_00091_LA_0018.wav,0.0519,3.6359,157,LA_0018,ASVspoof2019_LA,test
laugh-vs,laughsmi/data/vocalsound/audio_16k_raw/subset5/m3165_0_laughter.wav,0.0,-1.0,157,m3165,VocalSound,
speech-asv-bona,laughsmi/data/asvspoof2019_bonafide_wavs/asv2019_test_00621_LA_0003.wav,0.4429,3.7866,158,LA_0003,ASVspoof2019_LA,test
laugh-vs,laughsmi/data/vocalsound/audio_16k_raw/subset5/m2850_0_laughter.wav,0.0,-1.0,158,m2850,VocalSound,
speech-asv-bona,laughsmi/data/asvspoof2019_bonafide_wavs/asv2019_validation_00287_LA_0107.wav,0.0045,3.5032,159,LA_0107,ASVspoof2019_LA,validation
laugh-vs,laughsmi/data/vocalsound/audio_16k_raw/subset2/f3090_0_laughter.wav,0.0,-1.0,159,f3090,VocalSound,
speech-asv-bona,laughsmi/data/asvspoof2019_bonafide_wavs/asv2019_test_01132_LA_0001.wav,0.39,4.742,160,LA_0001,ASVspoof2019_LA,test
laugh-vs,laughsmi/data/vocalsound/audio_16k_raw/subset2/f2092_0_laughter.wav,0.0,-1.0,160,f2092,VocalSound,
speech-asv-bona,laughsmi/data/asvspoof2019_bonafide_wavs/asv2019_train_00780_LA_0097.wav,0.2484,6.0511,161,LA_0097,ASVspoof2019_LA,train
laugh-vs,laughsmi/data/vocalsound/audio_16k_raw/subset4/m2387_0_laughter.wav,0.0,-1.0,161,m2387,VocalSound,
speech-asv-bona,laughsmi/data/asvspoof2019_bonafide_wavs/asv2019_validation_00211_LA_0075.wav,0.4491,4.8864,162,LA_0075,ASVspoof2019_LA,validation
laugh-vs,laughsmi/data/vocalsound/audio_16k_raw/subset2/f1714_0_laughter.wav,0.0,-1.0,162,f1714,VocalSound,
speech-asv-bona,laughsmi/data/asvspoof2019_bonafide_wavs/asv2019_test_01290_LA_0045.wav,0.1946,3.096,163,LA_0045,ASVspoof2019_LA,test
laugh-vs,laughsmi/data/vocalsound/audio_16k_raw/subset1/f0272_0_laughter.wav,0.0,-1.0,163,f0272,VocalSound,
speech-asv-bona,laughsmi/data/asvspoof2019_bonafide_wavs/asv2019_test_00416_LA_0038.wav,1.3148,6.1445,164,LA_0038,ASVspoof2019_LA,test
laugh-vs,laughsmi/data/vocalsound/audio_16k_raw/subset4/m1834_0_laughter.wav,0.0,-1.0,164,m1834,VocalSound,
speech-asv-bona,laughsmi/data/asvspoof2019_bonafide_wavs/asv2019_test_01458_LA_0066.wav,0.0848,3.3356,165,LA_0066,ASVspoof2019_LA,test
laugh-vs,laughsmi/data/vocalsound/audio_16k_raw/subset2/f1631_0_laughter.wav,0.0,-1.0,165,f1631,VocalSound,
speech-asv-bona,laughsmi/data/asvspoof2019_bonafide_wavs/asv2019_test_01011_LA_0042.wav,0.6236,9.0757,166,LA_0042,ASVspoof2019_LA,test
laugh-vs,laughsmi/data/vocalsound/audio_16k_raw/subset1/f0340_0_laughter.wav,0.0,-1.0,166,f0340,VocalSound,
speech-asv-bona,laughsmi/data/asvspoof2019_bonafide_wavs/asv2019_test_01011_LA_0042.wav,2.9894,12.0347,167,LA_0042,ASVspoof2019_LA,test
laugh-vs,laughsmi/data/vocalsound/audio_16k_raw/subset1/f0010_0_laughter.wav,0.0,-1.0,167,f0010,VocalSound,
speech-asv-bona,laughsmi/data/asvspoof2019_bonafide_wavs/asv2019_test_01703_LA_0068.wav,1.5188,7.8335,168,LA_0068,ASVspoof2019_LA,test
laugh-vs,laughsmi/data/vocalsound/audio_16k_raw/subset4/m1776_0_laughter.wav,0.0,-1.0,168,m1776,VocalSound,
speech-asv-bona,laughsmi/data/asvspoof2019_bonafide_wavs/asv2019_train_00300_LA_0088.wav,0.0134,3.6827,169,LA_0088,ASVspoof2019_LA,train
laugh-vs,laughsmi/data/vocalsound/audio_16k_raw/subset5/m2756_0_laughter.wav,0.0,-1.0,169,m2756,VocalSound,
speech-asv-bona,laughsmi/data/asvspoof2019_bonafide_wavs/asv2019_test_01011_LA_0042.wav,1.661,9.9383,170,LA_0042,ASVspoof2019_LA,test
laugh-vs,laughsmi/data/vocalsound/audio_16k_raw/subset5/m2726_0_laughter.wav,0.0,-1.0,170,m2726,VocalSound,
speech-asv-bona,laughsmi/data/asvspoof2019_bonafide_wavs/asv2019_test_01044_LA_0044.wav,0.444,3.516,171,LA_0044,ASVspoof2019_LA,test
laugh-vs,laughsmi/data/vocalsound/audio_16k_raw/subset1/f0017_0_laughter.wav,0.0,-1.0,171,f0017,VocalSound,
speech-asv-bona,laughsmi/data/asvspoof2019_bonafide_wavs/asv2019_test_01420_LA_0037.wav,0.1184,4.0194,172,LA_0037,ASVspoof2019_LA,test
laugh-vs,laughsmi/data/vocalsound/audio_16k_raw/subset5/m2648_0_laughter.wav,0.0,-1.0,172,m2648,VocalSound,
speech-asv-bona,laughsmi/data/asvspoof2019_bonafide_wavs/asv2019_train_00646_LA_0090.wav,0.939,5.2057,173,LA_0090,ASVspoof2019_LA,train
laugh-vs,laughsmi/data/vocalsound/audio_16k_raw/subset3/m1212_0_laughter.wav,0.0,-1.0,173,m1212,VocalSound,
speech-asv-bona,laughsmi/data/asvspoof2019_bonafide_wavs/asv2019_validation_00088_LA_0102.wav,0.0,5.2907,174,LA_0102,ASVspoof2019_LA,validation
laugh-vs,laughsmi/data/vocalsound/audio_16k_raw/subset2/f3008_0_laughter.wav,0.0,-1.0,174,f3008,VocalSound,
speech-asv-bona,laughsmi/data/asvspoof2019_bonafide_wavs/asv2019_test_01011_LA_0042.wav,4.0615,11.8268,175,LA_0042,ASVspoof2019_LA,test
laugh-vs,laughsmi/data/vocalsound/audio_16k_raw/subset1/f0810_0_laughter.wav,0.0,-1.0,175,f0810,VocalSound,
speech-asv-bona,laughsmi/data/asvspoof2019_bonafide_wavs/asv2019_test_00416_LA_0038.wav,0.2772,4.5439,176,LA_0038,ASVspoof2019_LA,test
laugh-vs,laughsmi/data/vocalsound/audio_16k_raw/subset2/f2031_0_laughter.wav,0.0,-1.0,176,f2031,VocalSound,
speech-asv-bona,laughsmi/data/asvspoof2019_bonafide_wavs/asv2019_train_00582_LA_0091.wav,2.0246,4.9039,177,LA_0091,ASVspoof2019_LA,train
laugh-vs,laughsmi/data/vocalsound/audio_16k_raw/subset3/m0563_0_laughter.wav,0.0,-1.0,177,m0563,VocalSound,
speech-asv-bona,laughsmi/data/asvspoof2019_bonafide_wavs/asv2019_test_00161_LA_0059.wav,0.1328,6.1061,178,LA_0059,ASVspoof2019_LA,test
laugh-vs,laughsmi/data/vocalsound/audio_16k_raw/subset1/f1159_0_laughter.wav,0.0,-1.0,178,f1159,VocalSound,
speech-asv-bona,laughsmi/data/asvspoof2019_bonafide_wavs/asv2019_test_00299_LA_0063.wav,0.0551,1.3351,179,LA_0063,ASVspoof2019_LA,test
laugh-vs,laughsmi/data/vocalsound/audio_16k_raw/subset2/f1949_0_laughter.wav,0.0,-1.0,179,f1949,VocalSound,
speech-asv-bona,laughsmi/data/asvspoof2019_bonafide_wavs/asv2019_train_00780_LA_0097.wav,3.7031,6.5191,180,LA_0097,ASVspoof2019_LA,train
laugh-vs,laughsmi/data/vocalsound/audio_16k_raw/subset2/f2452_0_laughter.wav,0.0,-1.0,180,f2452,VocalSound,
speech-asv-bona,laughsmi/data/asvspoof2019_bonafide_wavs/asv2019_test_00086_LA_0051.wav,0.1392,3.9473,181,LA_0051,ASVspoof2019_LA,test
laugh-vs,laughsmi/data/vocalsound/audio_16k_raw/subset1/f0605_1_laughter.wav,0.0,-1.0,181,f0605,VocalSound,
speech-asv-bona,laughsmi/data/asvspoof2019_bonafide_wavs/asv2019_test_01355_LA_0051.wav,0.0056,2.9069,182,LA_0051,ASVspoof2019_LA,test
laugh-vs,laughsmi/data/vocalsound/audio_16k_raw/subset4/m1676_0_laughter.wav,0.0,-1.0,182,m1676,VocalSound,
speech-asv-bona,laughsmi/data/asvspoof2019_bonafide_wavs/asv2019_test_00883_LA_0022.wav,0.1388,4.4908,183,LA_0022,ASVspoof2019_LA,test
laugh-vs,laughsmi/data/vocalsound/audio_16k_raw/subset3/m0715_0_laughter.wav,0.0,-1.0,183,m0715,VocalSound,
speech-asv-bona,laughsmi/data/asvspoof2019_bonafide_wavs/asv2019_train_00478_LA_0093.wav,0.2924,3.4498,184,LA_0093,ASVspoof2019_LA,train
laugh-vs,laughsmi/data/vocalsound/audio_16k_raw/subset3/m0760_0_laughter.wav,0.0,-1.0,184,m0760,VocalSound,
speech-asv-bona,laughsmi/data/asvspoof2019_bonafide_wavs/asv2019_test_01011_LA_0042.wav,1.978,10.7673,185,LA_0042,ASVspoof2019_LA,test
laugh-vs,laughsmi/data/vocalsound/audio_16k_raw/subset1/f1073_1_laughter.wav,0.0,-1.0,185,f1073,VocalSound,
speech-asv-bona,laughsmi/data/asvspoof2019_bonafide_wavs/asv2019_test_01875_LA_0054.wav,0.1967,4.0047,186,LA_0054,ASVspoof2019_LA,test
laugh-vs,laughsmi/data/vocalsound/audio_16k_raw/subset5/m2778_0_laughter.wav,0.0,-1.0,186,m2778,VocalSound,
speech-asv-bona,laughsmi/data/asvspoof2019_bonafide_wavs/asv2019_test_00960_LA_0039.wav,0.4709,2.5189,187,LA_0039,ASVspoof2019_LA,test
laugh-vs,laughsmi/data/vocalsound/audio_16k_raw/subset1/f0775_0_laughter.wav,0.0,-1.0,187,f0775,VocalSound,
speech-asv-bona,laughsmi/data/asvspoof2019_bonafide_wavs/asv2019_train_00677_LA_0082.wav,0.5032,4.1725,188,LA_0082,ASVspoof2019_LA,train
laugh-vs,laughsmi/data/vocalsound/audio_16k_raw/subset4/m1728_0_laughter.wav,0.0,-1.0,188,m1728,VocalSound,
speech-asv-bona,laughsmi/data/asvspoof2019_bonafide_wavs/asv2019_train_00403_LA_0094.wav,0.0814,2.9828,189,LA_0094,ASVspoof2019_LA,train
laugh-vs,laughsmi/data/vocalsound/audio_16k_raw/subset3/m0573_3_laughter.wav,0.0,-1.0,189,m0573,VocalSound,
speech-asv-bona,laughsmi/data/asvspoof2019_bonafide_wavs/asv2019_test_01011_LA_0042.wav,1.1607,9.694,190,LA_0042,ASVspoof2019_LA,test
laugh-vs,laughsmi/data/vocalsound/audio_16k_raw/subset1/f0278_0_laughter.wav,0.0,-1.0,190,f0278,VocalSound,
speech-asv-bona,laughsmi/data/asvspoof2019_bonafide_wavs/asv2019_test_01011_LA_0042.wav,2.757,12.1437,191,LA_0042,ASVspoof2019_LA,test
laugh-vs,laughsmi/data/vocalsound/audio_16k_raw/subset1/f1273_0_laughter.wav,0.0,-1.0,191,f1273,VocalSound,
speech-asv-bona,laughsmi/data/asvspoof2019_bonafide_wavs/asv2019_test_00097_LA_0059.wav,0.0656,2.7109,192,LA_0059,ASVspoof2019_LA,test
laugh-vs,laughsmi/data/vocalsound/audio_16k_raw/subset1/f1234_0_laughter.wav,0.0,-1.0,192,f1234,VocalSound,
speech-asv-bona,laughsmi/data/asvspoof2019_bonafide_wavs/asv2019_train_00677_LA_0082.wav,0.2655,4.5322,193,LA_0082,ASVspoof2019_LA,train
laugh-vs,laughsmi/data/vocalsound/audio_16k_raw/subset3/m1015_0_laughter.wav,0.0,-1.0,193,m1015,VocalSound,
speech-asv-bona,laughsmi/data/asvspoof2019_bonafide_wavs/asv2019_test_00031_LA_0020.wav,0.1164,5.6893,194,LA_0020,ASVspoof2019_LA,test
laugh-vs,laughsmi/data/vocalsound/audio_16k_raw/subset4/m2471_0_laughter.wav,0.0,-1.0,194,m2471,VocalSound,
speech-asv-bona,laughsmi/data/asvspoof2019_bonafide_wavs/asv2019_test_00091_LA_0018.wav,0.7541,3.7408,195,LA_0018,ASVspoof2019_LA,test
laugh-vs,laughsmi/data/vocalsound/audio_16k_raw/subset3/m1038_0_laughter.wav,0.0,-1.0,195,m1038,VocalSound,
speech-asv-bona,laughsmi/data/asvspoof2019_bonafide_wavs/asv2019_test_01058_LA_0063.wav,1.7514,5.3354,196,LA_0063,ASVspoof2019_LA,test
laugh-vs,laughsmi/data/vocalsound/audio_16k_raw/subset2/f1991_0_laughter.wav,0.0,-1.0,196,f1991,VocalSound,
speech-asv-bona,laughsmi/data/asvspoof2019_bonafide_wavs/asv2019_validation_00114_LA_0070.wav,0.3992,4.3245,197,LA_0070,ASVspoof2019_LA,validation
laugh-vs,laughsmi/data/vocalsound/audio_16k_raw/subset1/f0632_0_laughter.wav,0.0,-1.0,197,f0632,VocalSound,
speech-asv-bona,laughsmi/data/asvspoof2019_bonafide_wavs/asv2019_validation_00296_LA_0101.wav,1.3517,3.6557,198,LA_0101,ASVspoof2019_LA,validation
laugh-vs,laughsmi/data/vocalsound/audio_16k_raw/subset1/f1378_0_laughter.wav,0.0,-1.0,198,f1378,VocalSound,
speech-asv-bona,laughsmi/data/asvspoof2019_bonafide_wavs/asv2019_test_01801_LA_0012.wav,0.2412,4.6994,199,LA_0012,ASVspoof2019_LA,test
laugh-vs,laughsmi/data/vocalsound/audio_16k_raw/subset1/f1007_0_laughter.wav,0.0,-1.0,199,f1007,VocalSound,
speech-asv-bona,laughsmi/data/asvspoof2019_bonafide_wavs/asv2019_validation_00017_LA_0072.wav,0.4611,3.2771,200,LA_0072,ASVspoof2019_LA,validation
laugh-vs,laughsmi/data/vocalsound/audio_16k_raw/subset5/m3212_0_laughter.wav,0.0,-1.0,200,m3212,VocalSound,
speech-asv-bona,laughsmi/data/asvspoof2019_bonafide_wavs/asv2019_test_01703_LA_0068.wav,0.0471,6.7031,201,LA_0068,ASVspoof2019_LA,test
laugh-vs,laughsmi/data/vocalsound/audio_16k_raw/subset2/f2601_0_laughter.wav,0.0,-1.0,201,f2601,VocalSound,
speech-asv-bona,laughsmi/data/asvspoof2019_bonafide_wavs/asv2019_train_00004_LA_0084.wav,0.1833,2.8286,202,LA_0084,ASVspoof2019_LA,train
laugh-vs,laughsmi/data/vocalsound/audio_16k_raw/subset3/m1172_0_laughter.wav,0.0,-1.0,202,m1172,VocalSound,
speech-asv-bona,laughsmi/data/asvspoof2019_bonafide_wavs/asv2019_test_00829_LA_0027.wav,1.9528,5.2808,203,LA_0027,ASVspoof2019_LA,test
laugh-vs,laughsmi/data/vocalsound/audio_16k_raw/subset4/m1513_0_laughter.wav,0.0,-1.0,203,m1513,VocalSound,
speech-asv-bona,laughsmi/data/asvspoof2019_bonafide_wavs/asv2019_train_00747_LA_0087.wav,0.0616,2.4765,204,LA_0087,ASVspoof2019_LA,train
laugh-vs,laughsmi/data/vocalsound/audio_16k_raw/subset1/f0414_0_laughter.wav,0.0,-1.0,204,f0414,VocalSound,
speech-asv-bona,laughsmi/data/asvspoof2019_bonafide_wavs/asv2019_test_01011_LA_0042.wav,2.2343,11.8009,205,LA_0042,ASVspoof2019_LA,test
laugh-vs,laughsmi/data/vocalsound/audio_16k_raw/subset1/f1558_0_laughter.wav,0.0,-1.0,205,f1558,VocalSound,
speech-asv-bona,laughsmi/data/asvspoof2019_bonafide_wavs/asv2019_test_00731_LA_0006.wav,0.3273,3.2065,206,LA_0006,ASVspoof2019_LA,test
laugh-vs,laughsmi/data/vocalsound/audio_16k_raw/subset2/f2618_0_laughter.wav,0.0,-1.0,206,f2618,VocalSound,
speech-asv-bona,laughsmi/data/asvspoof2019_bonafide_wavs/asv2019_test_00198_LA_0042.wav,0.0401,3.5388,207,LA_0042,ASVspoof2019_LA,test
laugh-vs,laughsmi/data/vocalsound/audio_16k_raw/subset4/m2485_0_laughter.wav,0.0,-1.0,207,m2485,VocalSound,
speech-asv-bona,laughsmi/data/asvspoof2019_bonafide_wavs/asv2019_test_01703_LA_0068.wav,2.9653,6.976,208,LA_0068,ASVspoof2019_LA,test
laugh-vs,laughsmi/data/vocalsound/audio_16k_raw/subset2/f2503_0_laughter.wav,0.0,-1.0,208,f2503,VocalSound,
speech-asv-bona,laughsmi/data/asvspoof2019_bonafide_wavs/asv2019_test_00416_LA_0038.wav,0.346,6.3832,209,LA_0038,ASVspoof2019_LA,test
laugh-vs,laughsmi/data/vocalsound/audio_16k_raw/subset4/m1487_0_laughter.wav,0.0,-1.0,209,m1487,VocalSound,
speech-asv-bona,laughsmi/data/asvspoof2019_bonafide_wavs/asv2019_test_01011_LA_0042.wav,5.1945,12.3625,210,LA_0042,ASVspoof2019_LA,test
laugh-vs,laughsmi/data/vocalsound/audio_16k_raw/subset1/f1390_0_laughter.wav,0.0,-1.0,210,f1390,VocalSound,
speech-asv-bona,laughsmi/data/asvspoof2019_bonafide_wavs/asv2019_test_01801_LA_0012.wav,0.0669,2.6675,211,LA_0012,ASVspoof2019_LA,test
laugh-vs,laughsmi/data/vocalsound/audio_16k_raw/subset1/f1028_0_laughter.wav,0.0,-1.0,211,f1028,VocalSound,
speech-asv-bona,laughsmi/data/asvspoof2019_bonafide_wavs/asv2019_test_01011_LA_0042.wav,3.0293,12.672,212,LA_0042,ASVspoof2019_LA,test
laugh-vs,laughsmi/data/vocalsound/audio_16k_raw/subset2/f2300_1_laughter.wav,0.0,-1.0,212,f2300,VocalSound,
speech-asv-bona,laughsmi/data/asvspoof2019_bonafide_wavs/asv2019_test_01011_LA_0042.wav,1.9478,5.7024,213,LA_0042,ASVspoof2019_LA,test
laugh-vs,laughsmi/data/vocalsound/audio_16k_raw/subset1/m3314_0_laughter.wav,0.0,-1.0,213,m3314,VocalSound,
speech-asv-bona,laughsmi/data/asvspoof2019_bonafide_wavs/asv2019_test_00031_LA_0020.wav,0.2031,5.5901,214,LA_0020,ASVspoof2019_LA,test
laugh-vs,laughsmi/data/vocalsound/audio_16k_raw/subset1/f0776_0_laughter.wav,0.0,-1.0,214,f0776,VocalSound,
speech-asv-bona,laughsmi/data/asvspoof2019_bonafide_wavs/asv2019_train_00513_LA_0085.wav,1.8541,4.4141,215,LA_0085,ASVspoof2019_LA,train
laugh-vs,laughsmi/data/vocalsound/audio_16k_raw/subset3/m0544_0_laughter.wav,0.0,-1.0,215,m0544,VocalSound,
speech-asv-bona,laughsmi/data/asvspoof2019_bonafide_wavs/asv2019_validation_00088_LA_0102.wav,0.9715,5.7502,216,LA_0102,ASVspoof2019_LA,validation
laugh-vs,laughsmi/data/vocalsound/audio_16k_raw/subset4/m1688_0_laughter.wav,0.0,-1.0,216,m1688,VocalSound,
speech-asv-bona,laughsmi/data/asvspoof2019_bonafide_wavs/asv2019_train_00446_LA_0090.wav,0.1769,4.9556,217,LA_0090,ASVspoof2019_LA,train
laugh-vs,laughsmi/data/vocalsound/audio_16k_raw/subset3/m0432_0_laughter.wav,0.0,-1.0,217,m0432,VocalSound,
speech-asv-bona,laughsmi/data/asvspoof2019_bonafide_wavs/asv2019_test_01154_LA_0002.wav,0.0654,4.8952,218,LA_0002,ASVspoof2019_LA,test
laugh-vs,laughsmi/data/vocalsound/audio_16k_raw/subset3/m0172_0_laughter.wav,0.0,-1.0,218,m0172,VocalSound,
speech-asv-bona,laughsmi/data/asvspoof2019_bonafide_wavs/asv2019_train_00582_LA_0091.wav,0.1229,4.9016,219,LA_0091,ASVspoof2019_LA,train
laugh-vs,laughsmi/data/vocalsound/audio_16k_raw/subset1/f0918_0_laughter.wav,0.0,-1.0,219,f0918,VocalSound,
speech-asv-bona,laughsmi/data/asvspoof2019_bonafide_wavs/asv2019_test_01058_LA_0063.wav,0.2273,4.9207,220,LA_0063,ASVspoof2019_LA,test
laugh-vs,laughsmi/data/vocalsound/audio_16k_raw/subset2/f2225_0_laughter.wav,0.0,-1.0,220,f2225,VocalSound,
speech-asv-bona,laughsmi/data/asvspoof2019_bonafide_wavs/asv2019_test_00091_LA_0018.wav,0.271,2.4897,221,LA_0018,ASVspoof2019_LA,test
laugh-vs,laughsmi/data/vocalsound/audio_16k_raw/subset1/f0422_0_laughter.wav,0.0,-1.0,221,f0422,VocalSound,
speech-asv-bona,laughsmi/data/asvspoof2019_bonafide_wavs/asv2019_test_01801_LA_0012.wav,0.3703,4.0855,222,LA_0012,ASVspoof2019_LA,test
laugh-vs,laughsmi/data/vocalsound/audio_16k_raw/subset1/f0286_0_laughter.wav,0.0,-1.0,222,f0286,VocalSound,
speech-asv-bona,laughsmi/data/asvspoof2019_bonafide_wavs/asv2019_test_00113_LA_0041.wav,0.7094,3.4401,223,LA_0041,ASVspoof2019_LA,test
laugh-vs,laughsmi/data/vocalsound/audio_16k_raw/subset3/m0248_0_laughter.wav,0.0,-1.0,223,m0248,VocalSound,
speech-asv-bona,laughsmi/data/asvspoof2019_bonafide_wavs/asv2019_test_00085_LA_0013.wav,0.4926,5.186,224,LA_0013,ASVspoof2019_LA,test
laugh-vs,laughsmi/data/vocalsound/audio_16k_raw/subset1/f0091_0_laughter.wav,0.0,-1.0,224,f0091,VocalSound,
speech-asv-bona,laughsmi/data/asvspoof2019_bonafide_wavs/asv2019_validation_00152_LA_0101.wav,1.2724,3.2351,225,LA_0101,ASVspoof2019_LA,validation
laugh-vs,laughsmi/data/vocalsound/audio_16k_raw/subset2/f1964_0_laughter.wav,0.0,-1.0,225,f1964,VocalSound,
speech-asv-bona,laughsmi/data/asvspoof2019_bonafide_wavs/asv2019_train_00780_LA_0097.wav,0.2515,5.5422,226,LA_0097,ASVspoof2019_LA,train
laugh-vs,laughsmi/data/vocalsound/audio_16k_raw/subset1/m3304_0_laughter.wav,0.0,-1.0,226,m3304,VocalSound,
speech-asv-bona,laughsmi/data/asvspoof2019_bonafide_wavs/asv2019_test_00030_LA_0009.wav,0.1295,2.2628,227,LA_0009,ASVspoof2019_LA,test
laugh-vs,laughsmi/data/vocalsound/audio_16k_raw/subset2/f1798_0_laughter.wav,0.0,-1.0,227,f1798,VocalSound,
speech-asv-bona,laughsmi/data/asvspoof2019_bonafide_wavs/asv2019_test_01703_LA_0068.wav,0.1015,7.8668,228,LA_0068,ASVspoof2019_LA,test
laugh-vs,laughsmi/data/vocalsound/audio_16k_raw/subset3/m1091_0_laughter.wav,0.0,-1.0,228,m1091,VocalSound,
speech-asv-bona,laughsmi/data/asvspoof2019_bonafide_wavs/asv2019_test_01496_LA_0012.wav,0.237,3.6503,229,LA_0012,ASVspoof2019_LA,test
laugh-vs,laughsmi/data/vocalsound/audio_16k_raw/subset4/m1832_0_laughter.wav,0.0,-1.0,229,m1832,VocalSound,
speech-asv-bona,laughsmi/data/asvspoof2019_bonafide_wavs/asv2019_train_00528_LA_0091.wav,0.4219,2.6406,230,LA_0091,ASVspoof2019_LA,train
laugh-vs,laughsmi/data/vocalsound/audio_16k_raw/subset5/m3092_0_laughter.wav,0.0,-1.0,230,m3092,VocalSound,
speech-asv-bona,laughsmi/data/asvspoof2019_bonafide_wavs/asv2019_validation_00112_LA_0106.wav,0.0728,6.8995,231,LA_0106,ASVspoof2019_LA,validation
laugh-vs,laughsmi/data/vocalsound/audio_16k_raw/subset2/f2659_0_laughter.wav,0.0,-1.0,231,f2659,VocalSound,
speech-asv-bona,laughsmi/data/asvspoof2019_bonafide_wavs/asv2019_test_01703_LA_0068.wav,0.6928,7.4341,232,LA_0068,ASVspoof2019_LA,test
laugh-vs,laughsmi/data/vocalsound/audio_16k_raw/subset3/m0068_0_laughter.wav,0.0,-1.0,232,m0068,VocalSound,
speech-asv-bona,laughsmi/data/asvspoof2019_bonafide_wavs/asv2019_validation_00211_LA_0075.wav,2.0773,4.4922,233,LA_0075,ASVspoof2019_LA,validation
laugh-vs,laughsmi/data/vocalsound/audio_16k_raw/subset5/m2555_1_laughter.wav,0.0,-1.0,233,m2555,VocalSound,
speech-asv-bona,laughsmi/data/asvspoof2019_bonafide_wavs/asv2019_test_00511_LA_0047.wav,0.8287,2.706,234,LA_0047,ASVspoof2019_LA,test
laugh-vs,laughsmi/data/vocalsound/audio_16k_raw/subset2/f2522_0_laughter.wav,0.0,-1.0,234,f2522,VocalSound,
speech-asv-bona,laughsmi/data/asvspoof2019_bonafide_wavs/asv2019_test_01011_LA_0042.wav,3.756,11.7773,235,LA_0042,ASVspoof2019_LA,test
laugh-vs,laughsmi/data/vocalsound/audio_16k_raw/subset2/f2313_0_laughter.wav,0.0,-1.0,235,f2313,VocalSound,
speech-asv-bona,laughsmi/data/asvspoof2019_bonafide_wavs/asv2019_train_00471_LA_0079.wav,0.2021,3.1034,236,LA_0079,ASVspoof2019_LA,train
laugh-vs,laughsmi/data/vocalsound/audio_16k_raw/subset5/m3122_0_laughter.wav,0.0,-1.0,236,m3122,VocalSound,
speech-asv-bona,laughsmi/data/asvspoof2019_bonafide_wavs/asv2019_train_00513_LA_0085.wav,0.4948,2.7988,237,LA_0085,ASVspoof2019_LA,train
laugh-vs,laughsmi/data/vocalsound/audio_16k_raw/subset1/f0926_0_laughter.wav,0.0,-1.0,237,f0926,VocalSound,
speech-asv-bona,laughsmi/data/asvspoof2019_bonafide_wavs/asv2019_test_01149_LA_0024.wav,0.282,4.0901,238,LA_0024,ASVspoof2019_LA,test
laugh-vs,laughsmi/data/vocalsound/audio_16k_raw/subset3/m1117_0_laughter.wav,0.0,-1.0,238,m1117,VocalSound,
speech-asv-bona,laughsmi/data/asvspoof2019_bonafide_wavs/asv2019_test_00086_LA_0051.wav,1.6365,3.8552,239,LA_0051,ASVspoof2019_LA,test
laugh-vs,laughsmi/data/vocalsound/audio_16k_raw/subset5/m2554_0_laughter.wav,0.0,-1.0,239,m2554,VocalSound,
speech-asv-bona,laughsmi/data/asvspoof2019_bonafide_wavs/asv2019_train_00709_LA_0093.wav,0.7994,3.6786,240,LA_0093,ASVspoof2019_LA,train
laugh-vs,laughsmi/data/vocalsound/audio_16k_raw/subset3/m0309_0_laughter.wav,0.0,-1.0,240,m0309,VocalSound,
speech-asv-bona,laughsmi/data/asvspoof2019_bonafide_wavs/asv2019_train_00795_LA_0098.wav,0.1287,1.75,241,LA_0098,ASVspoof2019_LA,train
laugh-vs,laughsmi/data/vocalsound/audio_16k_raw/subset3/f3353_0_laughter.wav,0.0,-1.0,241,f3353,VocalSound,
speech-asv-bona,laughsmi/data/asvspoof2019_bonafide_wavs/asv2019_test_01011_LA_0042.wav,4.1416,10.0859,242,LA_0042,ASVspoof2019_LA,test
laugh-vs,laughsmi/data/vocalsound/audio_16k_raw/subset2/f1706_0_laughter.wav,0.0,-1.0,242,f1706,VocalSound,
speech-asv-bona,laughsmi/data/asvspoof2019_bonafide_wavs/asv2019_test_01011_LA_0042.wav,3.0995,11.1208,243,LA_0042,ASVspoof2019_LA,test
laugh-vs,laughsmi/data/vocalsound/audio_16k_raw/subset1/f1290_0_laughter.wav,0.0,-1.0,243,f1290,VocalSound,
speech-asv-bona,laughsmi/data/asvspoof2019_bonafide_wavs/asv2019_test_01801_LA_0012.wav,0.6994,4.7954,244,LA_0012,ASVspoof2019_LA,test
laugh-vs,laughsmi/data/vocalsound/audio_16k_raw/subset1/f0649_0_laughter.wav,0.0,-1.0,244,f0649,VocalSound,
speech-asv-bona,laughsmi/data/asvspoof2019_bonafide_wavs/asv2019_validation_00134_LA_0077.wav,0.2847,2.3327,245,LA_0077,ASVspoof2019_LA,validation
laugh-vs,laughsmi/data/vocalsound/audio_16k_raw/subset3/m0527_0_laughter.wav,0.0,-1.0,245,m0527,VocalSound,
speech-asv-bona,laughsmi/data/asvspoof2019_bonafide_wavs/asv2019_validation_00015_LA_0102.wav,0.0716,4.5943,246,LA_0102,ASVspoof2019_LA,validation
laugh-vs,laughsmi/data/vocalsound/audio_16k_raw/subset5/m2718_0_laughter.wav,0.0,-1.0,246,m2718,VocalSound,
speech-asv-bona,laughsmi/data/asvspoof2019_bonafide_wavs/asv2019_test_01420_LA_0037.wav,0.0845,3.9245,247,LA_0037,ASVspoof2019_LA,test
laugh-vs,laughsmi/data/vocalsound/audio_16k_raw/subset1/f1165_0_laughter.wav,0.0,-1.0,247,f1165,VocalSound,
speech-asv-bona,laughsmi/data/asvspoof2019_bonafide_wavs/asv2019_train_00780_LA_0097.wav,0.0583,6.5436,248,LA_0097,ASVspoof2019_LA,train
laugh-vs,laughsmi/data/vocalsound/audio_16k_raw/subset5/m2701_0_laughter.wav,0.0,-1.0,248,m2701,VocalSound,
speech-asv-bona,laughsmi/data/asvspoof2019_bonafide_wavs/asv2019_validation_00088_LA_0102.wav,2.4928,5.7355,249,LA_0102,ASVspoof2019_LA,validation
laugh-vs,laughsmi/data/vocalsound/audio_16k_raw/subset1/f1548_0_laughter.wav,0.0,-1.0,249,f1548,VocalSound,
speech-asv-bona,laughsmi/data/asvspoof2019_bonafide_wavs/asv2019_test_01170_LA_0043.wav,0.1606,2.6353,250,LA_0043,ASVspoof2019_LA,test
laugh-vs,laughsmi/data/vocalsound/audio_16k_raw/subset3/m0566_1_laughter.wav,0.0,-1.0,250,m0566,VocalSound,
speech-asv-bona,laughsmi/data/asvspoof2019_bonafide_wavs/asv2019_test_01011_LA_0042.wav,1.0017,9.3644,251,LA_0042,ASVspoof2019_LA,test
laugh-vs,laughsmi/data/vocalsound/audio_16k_raw/subset2/f1587_0_laughter.wav,0.0,-1.0,251,f1587,VocalSound,
speech-asv-bona,laughsmi/data/asvspoof2019_bonafide_wavs/asv2019_test_00764_LA_0029.wav,0.0638,3.1358,252,LA_0029,ASVspoof2019_LA,test
laugh-vs,laughsmi/data/vocalsound/audio_16k_raw/subset2/f2342_0_laughter.wav,0.0,-1.0,252,f2342,VocalSound,
speech-asv-bona,laughsmi/data/asvspoof2019_bonafide_wavs/asv2019_test_01011_LA_0042.wav,0.9541,11.7061,253,LA_0042,ASVspoof2019_LA,test
laugh-vs,laughsmi/data/vocalsound/audio_16k_raw/subset2/f2407_0_laughter.wav,0.0,-1.0,253,f2407,VocalSound,
speech-asv-bona,laughsmi/data/asvspoof2019_bonafide_wavs/asv2019_test_01018_LA_0012.wav,0.0438,5.7095,254,LA_0012,ASVspoof2019_LA,test
laugh-vs,laughsmi/data/vocalsound/audio_16k_raw/subset2/f2248_0_laughter.wav,0.0,-1.0,254,f2248,VocalSound,
speech-asv-bona,laughsmi/data/asvspoof2019_bonafide_wavs/asv2019_test_00764_LA_0029.wav,0.7054,3.1203,255,LA_0029,ASVspoof2019_LA,test
laugh-vs,laughsmi/data/vocalsound/audio_16k_raw/subset2/f3291_0_laughter.wav,0.0,-1.0,255,f3291,VocalSound,
speech-asv-bona,laughsmi/data/asvspoof2019_bonafide_wavs/asv2019_test_01011_LA_0042.wav,1.778,8.434,256,LA_0042,ASVspoof2019_LA,test
laugh-vs,laughsmi/data/vocalsound/audio_16k_raw/subset5/m3100_0_laughter.wav,0.0,-1.0,256,m3100,VocalSound,
speech-asv-bona,laughsmi/data/asvspoof2019_bonafide_wavs/asv2019_test_00877_LA_0026.wav,0.104,4.1907,257,LA_0026,ASVspoof2019_LA,test
laugh-vs,laughsmi/data/vocalsound/audio_16k_raw/subset3/m0869_0_laughter.wav,0.0,-1.0,257,m0869,VocalSound,
speech-asv-bona,laughsmi/data/asvspoof2019_bonafide_wavs/asv2019_test_01126_LA_0044.wav,0.2341,4.4154,258,LA_0044,ASVspoof2019_LA,test
laugh-vs,laughsmi/data/vocalsound/audio_16k_raw/subset2/f2462_0_laughter.wav,0.0,-1.0,258,f2462,VocalSound,
speech-asv-bona,laughsmi/data/asvspoof2019_bonafide_wavs/asv2019_train_00677_LA_0082.wav,0.2401,4.6055,259,LA_0082,ASVspoof2019_LA,train
laugh-vs,laughsmi/data/vocalsound/audio_16k_raw/subset4/m1843_0_laughter.wav,0.0,-1.0,259,m1843,VocalSound,
speech-asv-bona,laughsmi/data/asvspoof2019_bonafide_wavs/asv2019_validation_00154_LA_0103.wav,0.6025,1.2851,260,LA_0103,ASVspoof2019_LA,validation
laugh-vs,laughsmi/data/vocalsound/audio_16k_raw/subset2/f3277_0_laughter.wav,0.0,-1.0,260,f3277,VocalSound,
speech-asv-bona,laughsmi/data/asvspoof2019_bonafide_wavs/asv2019_validation_00019_LA_0074.wav,0.0894,4.4414,261,LA_0074,ASVspoof2019_LA,validation
laugh-vs,laughsmi/data/vocalsound/audio_16k_raw/subset4/m2136_0_laughter.wav,0.0,-1.0,261,m2136,VocalSound,
speech-asv-bona,laughsmi/data/asvspoof2019_bonafide_wavs/asv2019_test_01042_LA_0045.wav,0.0966,1.5473,262,LA_0045,ASVspoof2019_LA,test
laugh-vs,laughsmi/data/vocalsound/audio_16k_raw/subset3/m0561_1_laughter.wav,0.0,-1.0,262,m0561,VocalSound,
speech-asv-bona,laughsmi/data/asvspoof2019_bonafide_wavs/asv2019_test_01154_LA_0002.wav,0.4118,4.2518,263,LA_0002,ASVspoof2019_LA,test
laugh-vs,laughsmi/data/vocalsound/audio_16k_raw/subset2/f2855_0_laughter.wav,0.0,-1.0,263,f2855,VocalSound,
speech-asv-bona,laughsmi/data/asvspoof2019_bonafide_wavs/asv2019_validation_00088_LA_0102.wav,0.5179,5.8939,264,LA_0102,ASVspoof2019_LA,validation
laugh-vs,laughsmi/data/vocalsound/audio_16k_raw/subset2/f1727_0_laughter.wav,0.0,-1.0,264,f1727,VocalSound,
speech-asv-bona,laughsmi/data/asvspoof2019_bonafide_wavs/asv2019_validation_00114_LA_0070.wav,0.7191,3.5984,265,LA_0070,ASVspoof2019_LA,validation
laugh-vs,laughsmi/data/vocalsound/audio_16k_raw/subset3/m0069_0_laughter.wav,0.0,-1.0,265,m0069,VocalSound,
speech-asv-bona,laughsmi/data/asvspoof2019_bonafide_wavs/asv2019_test_00360_LA_0009.wav,0.0114,3.1687,266,LA_0009,ASVspoof2019_LA,test
laugh-vs,laughsmi/data/vocalsound/audio_16k_raw/subset4/m1888_0_laughter.wav,0.0,-1.0,266,m1888,VocalSound,
speech-asv-bona,laughsmi/data/asvspoof2019_bonafide_wavs/asv2019_test_01021_LA_0047.wav,0.091,2.5657,267,LA_0047,ASVspoof2019_LA,test
laugh-vs,laughsmi/data/vocalsound/audio_16k_raw/subset4/m2326_0_laughter.wav,0.0,-1.0,267,m2326,VocalSound,
speech-asv-bona,laughsmi/data/asvspoof2019_bonafide_wavs/asv2019_validation_00088_LA_0102.wav,0.3417,5.7177,268,LA_0102,ASVspoof2019_LA,validation
laugh-vs,laughsmi/data/vocalsound/audio_16k_raw/subset4/m1886_0_laughter.wav,0.0,-1.0,268,m1886,VocalSound,
speech-asv-bona,laughsmi/data/asvspoof2019_bonafide_wavs/asv2019_test_01011_LA_0042.wav,2.2441,9.1561,269,LA_0042,ASVspoof2019_LA,test
laugh-vs,laughsmi/data/vocalsound/audio_16k_raw/subset4/m1879_0_laughter.wav,0.0,-1.0,269,m1879,VocalSound,
speech-asv-bona,laughsmi/data/asvspoof2019_bonafide_wavs/asv2019_test_01404_LA_0050.wav,0.5327,4.4337,270,LA_0050,ASVspoof2019_LA,test
laugh-vs,laughsmi/data/vocalsound/audio_16k_raw/subset1/f0777_0_laughter.wav,0.0,-1.0,270,f0777,VocalSound,
speech-asv-bona,laughsmi/data/asvspoof2019_bonafide_wavs/asv2019_test_01011_LA_0042.wav,2.7614,9.7587,271,LA_0042,ASVspoof2019_LA,test
laugh-vs,laughsmi/data/vocalsound/audio_16k_raw/subset3/m0712_0_laughter.wav,0.0,-1.0,271,m0712,VocalSound,
speech-asv-bona,laughsmi/data/asvspoof2019_bonafide_wavs/asv2019_test_01162_LA_0013.wav,1.0268,5.2064,272,LA_0013,ASVspoof2019_LA,test
laugh-vs,laughsmi/data/vocalsound/audio_16k_raw/subset5/m2781_0_laughter.wav,0.0,-1.0,272,m2781,VocalSound,
speech-asv-bona,laughsmi/data/asvspoof2019_bonafide_wavs/asv2019_test_00845_LA_0032.wav,1.8016,4.6176,273,LA_0032,ASVspoof2019_LA,test
laugh-vs,laughsmi/data/vocalsound/audio_16k_raw/subset5/m3015_0_laughter.wav,0.0,-1.0,273,m3015,VocalSound,
speech-asv-bona,laughsmi/data/asvspoof2019_bonafide_wavs/asv2019_test_00883_LA_0022.wav,1.4432,4.2592,274,LA_0022,ASVspoof2019_LA,test
laugh-vs,laughsmi/data/vocalsound/audio_16k_raw/subset3/m0262_0_laughter.wav,0.0,-1.0,274,m0262,VocalSound,
speech-asv-bona,laughsmi/data/asvspoof2019_bonafide_wavs/asv2019_test_00031_LA_0020.wav,0.1032,5.3085,275,LA_0020,ASVspoof2019_LA,test
laugh-vs,laughsmi/data/vocalsound/audio_16k_raw/subset1/f0067_0_laughter.wav,0.0,-1.0,275,f0067,VocalSound,
speech-asv-bona,laughsmi/data/asvspoof2019_bonafide_wavs/asv2019_test_00416_LA_0038.wav,0.14,5.3454,276,LA_0038,ASVspoof2019_LA,test
laugh-vs,laughsmi/data/vocalsound/audio_16k_raw/subset1/f1242_1_laughter.wav,0.0,-1.0,276,f1242,VocalSound,
speech-asv-bona,laughsmi/data/asvspoof2019_bonafide_wavs/asv2019_validation_00221_LA_0104.wav,0.592,2.5547,277,LA_0104,ASVspoof2019_LA,validation
laugh-vs,laughsmi/data/vocalsound/audio_16k_raw/subset2/f2028_0_laughter.wav,0.0,-1.0,277,f2028,VocalSound,
speech-asv-bona,laughsmi/data/asvspoof2019_bonafide_wavs/asv2019_train_00572_LA_0086.wav,0.6046,3.5059,278,LA_0086,ASVspoof2019_LA,train
laugh-vs,laughsmi/data/vocalsound/audio_16k_raw/subset1/f0706_0_laughter.wav,0.0,-1.0,278,f0706,VocalSound,
speech-asv-bona,laughsmi/data/asvspoof2019_bonafide_wavs/asv2019_test_01154_LA_0002.wav,0.2939,4.3899,279,LA_0002,ASVspoof2019_LA,test
laugh-vs,laughsmi/data/vocalsound/audio_16k_raw/subset2/f2564_0_laughter.wav,0.0,-1.0,279,f2564,VocalSound,
speech-asv-bona,laughsmi/data/asvspoof2019_bonafide_wavs/asv2019_train_00010_LA_0089.wav,0.1684,4.5204,280,LA_0089,ASVspoof2019_LA,train
laugh-vs,laughsmi/data/vocalsound/audio_16k_raw/subset1/f1254_0_laughter.wav,0.0,-1.0,280,f1254,VocalSound,
speech-asv-bona,laughsmi/data/asvspoof2019_bonafide_wavs/asv2019_train_00780_LA_0097.wav,0.3739,2.7632,281,LA_0097,ASVspoof2019_LA,train
laugh-vs,laughsmi/data/vocalsound/audio_16k_raw/subset2/f2632_0_laughter.wav,0.0,-1.0,281,f2632,VocalSound,
speech-asv-bona,laughsmi/data/asvspoof2019_bonafide_wavs/asv2019_test_00877_LA_0026.wav,0.1189,4.1295,282,LA_0026,ASVspoof2019_LA,test
laugh-vs,laughsmi/data/vocalsound/audio_16k_raw/subset2/f2183_0_laughter.wav,0.0,-1.0,282,f2183,VocalSound,
speech-asv-bona,laughsmi/data/asvspoof2019_bonafide_wavs/asv2019_test_01682_LA_0024.wav,0.0989,3.6829,283,LA_0024,ASVspoof2019_LA,test
laugh-vs,laughsmi/data/vocalsound/audio_16k_raw/subset1/f1248_0_laughter.wav,0.0,-1.0,283,f1248,VocalSound,
speech-asv-bona,laughsmi/data/asvspoof2019_bonafide_wavs/asv2019_validation_00112_LA_0106.wav,0.0983,6.7543,284,LA_0106,ASVspoof2019_LA,validation
laugh-vs,laughsmi/data/vocalsound/audio_16k_raw/subset1/f1340_0_laughter.wav,0.0,-1.0,284,f1340,VocalSound,
speech-asv-bona,laughsmi/data/asvspoof2019_bonafide_wavs/asv2019_train_00489_LA_0092.wav,0.5199,2.9348,285,LA_0092,ASVspoof2019_LA,train
laugh-vs,laughsmi/data/vocalsound/audio_16k_raw/subset3/m0273_0_laughter.wav,0.0,-1.0,285,m0273,VocalSound,
speech-asv-bona,laughsmi/data/asvspoof2019_bonafide_wavs/asv2019_train_00205_LA_0086.wav,0.2099,3.3672,286,LA_0086,ASVspoof2019_LA,train
laugh-vs,laughsmi/data/vocalsound/audio_16k_raw/subset2/f2893_0_laughter.wav,0.0,-1.0,286,f2893,VocalSound,
speech-asv-bona,laughsmi/data/asvspoof2019_bonafide_wavs/asv2019_train_00261_LA_0082.wav,0.492,3.3713,287,LA_0082,ASVspoof2019_LA,train
laugh-vs,laughsmi/data/vocalsound/audio_16k_raw/subset3/m0026_0_laughter.wav,0.0,-1.0,287,m0026,VocalSound,
speech-asv-bona,laughsmi/data/asvspoof2019_bonafide_wavs/asv2019_train_00446_LA_0090.wav,0.0364,4.9857,288,LA_0090,ASVspoof2019_LA,train
laugh-vs,laughsmi/data/vocalsound/audio_16k_raw/subset3/m1185_0_laughter.wav,0.0,-1.0,288,m1185,VocalSound,
speech-asv-bona,laughsmi/data/asvspoof2019_bonafide_wavs/asv2019_test_00416_LA_0038.wav,0.1017,6.0751,289,LA_0038,ASVspoof2019_LA,test
laugh-vs,laughsmi/data/vocalsound/audio_16k_raw/subset1/f0593_2_laughter.wav,0.0,-1.0,289,f0593,VocalSound,
speech-asv-bona,laughsmi/data/asvspoof2019_bonafide_wavs/asv2019_validation_00197_LA_0072.wav,0.4222,3.6649,290,LA_0072,ASVspoof2019_LA,validation
laugh-vs,laughsmi/data/vocalsound/audio_16k_raw/subset2/f3159_0_laughter.wav,0.0,-1.0,290,f3159,VocalSound,
speech-asv-bona,laughsmi/data/asvspoof2019_bonafide_wavs/asv2019_test_00845_LA_0032.wav,0.1409,5.6876,291,LA_0032,ASVspoof2019_LA,test
laugh-vs,laughsmi/data/vocalsound/audio_16k_raw/subset2/f2948_0_laughter.wav,0.0,-1.0,291,f2948,VocalSound,
speech-asv-bona,laughsmi/data/asvspoof2019_bonafide_wavs/asv2019_test_00959_LA_0042.wav,0.5134,2.5614,292,LA_0042,ASVspoof2019_LA,test
laugh-vs,laughsmi/data/vocalsound/audio_16k_raw/subset3/m0932_0_laughter.wav,0.0,-1.0,292,m0932,VocalSound,
speech-asv-bona,laughsmi/data/asvspoof2019_bonafide_wavs/asv2019_train_00709_LA_0093.wav,0.1209,2.8516,293,LA_0093,ASVspoof2019_LA,train
laugh-vs,laughsmi/data/vocalsound/audio_16k_raw/subset4/m2033_0_laughter.wav,0.0,-1.0,293,m2033,VocalSound,
speech-asv-bona,laughsmi/data/asvspoof2019_bonafide_wavs/asv2019_test_01011_LA_0042.wav,1.7104,12.6702,294,LA_0042,ASVspoof2019_LA,test
laugh-vs,laughsmi/data/vocalsound/audio_16k_raw/subset4/m1988_0_laughter.wav,0.0,-1.0,294,m1988,VocalSound,
speech-asv-bona,laughsmi/data/asvspoof2019_bonafide_wavs/asv2019_test_01420_LA_0037.wav,0.1366,3.8913,295,LA_0037,ASVspoof2019_LA,test
laugh-vs,laughsmi/data/vocalsound/audio_16k_raw/subset1/f1272_0_laughter.wav,0.0,-1.0,295,f1272,VocalSound,
speech-asv-bona,laughsmi/data/asvspoof2019_bonafide_wavs/asv2019_test_01226_LA_0027.wav,0.1402,3.8949,296,LA_0027,ASVspoof2019_LA,test
laugh-vs,laughsmi/data/vocalsound/audio_16k_raw/subset2/f2380_0_laughter.wav,0.0,-1.0,296,f2380,VocalSound,
speech-asv-bona,laughsmi/data/asvspoof2019_bonafide_wavs/asv2019_validation_00015_LA_0102.wav,0.0462,4.7396,297,LA_0102,ASVspoof2019_LA,validation
laugh-vs,laughsmi/data/vocalsound/audio_16k_raw/subset1/f0613_0_laughter.wav,0.0,-1.0,297,f0613,VocalSound,
speech-asv-bona,laughsmi/data/asvspoof2019_bonafide_wavs/asv2019_train_00057_LA_0098.wav,0.0051,2.3271,298,LA_0098,ASVspoof2019_LA,train
laugh-vs,laughsmi/data/vocalsound/audio_16k_raw/subset2/f3187_0_laughter.wav,0.0,-1.0,298,f3187,VocalSound,
speech-asv-bona,laughsmi/data/asvspoof2019_bonafide_wavs/asv2019_test_00398_LA_0067.wav,0.5537,4.3937,299,LA_0067,ASVspoof2019_LA,test
laugh-vs,laughsmi/data/vocalsound/audio_16k_raw/subset5/m2809_0_laughter.wav,0.0,-1.0,299,m2809,VocalSound,
